-- MySQL dump 10.13  Distrib 5.5.50, for Win32 (x86)
--
-- Host: localhost    Database: prime
-- ------------------------------------------------------
-- Server version	5.5.50

/*!40101 SET @OLD_CHARACTER_SET_CLIENT=@@CHARACTER_SET_CLIENT */;
/*!40101 SET @OLD_CHARACTER_SET_RESULTS=@@CHARACTER_SET_RESULTS */;
/*!40101 SET @OLD_COLLATION_CONNECTION=@@COLLATION_CONNECTION */;
/*!40101 SET NAMES utf8 */;
/*!40103 SET @OLD_TIME_ZONE=@@TIME_ZONE */;
/*!40103 SET TIME_ZONE='+00:00' */;
/*!40014 SET @OLD_UNIQUE_CHECKS=@@UNIQUE_CHECKS, UNIQUE_CHECKS=0 */;
/*!40014 SET @OLD_FOREIGN_KEY_CHECKS=@@FOREIGN_KEY_CHECKS, FOREIGN_KEY_CHECKS=0 */;
/*!40101 SET @OLD_SQL_MODE=@@SQL_MODE, SQL_MODE='NO_AUTO_VALUE_ON_ZERO' */;
/*!40111 SET @OLD_SQL_NOTES=@@SQL_NOTES, SQL_NOTES=0 */;

--
-- Table structure for table `brand`
--

DROP TABLE IF EXISTS `brand`;
/*!40101 SET @saved_cs_client     = @@character_set_client */;
/*!40101 SET character_set_client = utf8 */;
CREATE TABLE `brand` (
  `id` int(11) NOT NULL AUTO_INCREMENT,
  `name` varchar(255) NOT NULL,
  `image` varchar(255) DEFAULT NULL,
  `description` text,
  `descriptionCollEx` text,
  `meta_id` int(11) DEFAULT NULL,
  `title` varchar(255) DEFAULT NULL,
  `country` int(11) DEFAULT NULL,
  PRIMARY KEY (`id`),
  KEY `fk_brand_meta1_idx` (`meta_id`),
  CONSTRAINT `fk_brand_meta1` FOREIGN KEY (`meta_id`) REFERENCES `meta` (`id`) ON DELETE NO ACTION ON UPDATE NO ACTION
) ENGINE=InnoDB AUTO_INCREMENT=15 DEFAULT CHARSET=utf8;
/*!40101 SET character_set_client = @saved_cs_client */;

--
-- Dumping data for table `brand`
--

LOCK TABLES `brand` WRITE;
/*!40000 ALTER TABLE `brand` DISABLE KEYS */;
INSERT INTO `brand` VALUES (1,'staron','logostaron.jpg','Искусственный камень Staron относится к группу акриловый камней. Производит его известная всем южно-корейская  компания SAMSUNG Cheil Industries Inc.\r\nSamsung Staron один из ведущих и самых популярных камней на российском рынке. На данный момент Samsung предлагает более сотни цветов и оттенков различных цветов и текстур. \r\nКомпания Staron регулярно пополняет и обновляет коллекции и цвета искусственного камня Staron, ориентируясь на веяния и потребности современного рынка в отделке интерьера.','\r\nSamsung первыми изобрели и запустили коллекцию Tempest (темпест) – поверхность в визуальным эффектом глубины и 3d частицами. Недавно выпустили новую коллекцию Suprime с очень качественными мраморными нежными текстурами.\r\nВсего акриловый камень Staron насчитывает 10 коллекций. \r\nSolid – монотонные светлые тона, так любимые дизайнерами. \r\nSuper Solid – монотонные яркие цвета, которые используются как яркие акценты в интерьере, или чтобы подчеркнуть фирменный стиль компании в отделке коммерческих помещений.  \r\nSanded – неброские песчаные текстуры, демократичные по цене и пользующиеся неизменным стабильным спросом.\r\nAspen, Pebble, Quarry – текстуры со средней и крупной фракцией – так называемая гранитная текстура, ставшая классикой, широко используется для изготовления кухонных столешниц.\r\nMetallic – небольшая коллекция камня с металлическим эффектом.\r\nMosaic -  коллекция, недавно запущенная в производство, характеризующаяся крупными включениями в общий тон, которые обрамлены тонкой контрастной каймой.\r\nSuprime – мраморная текстура. Самая новая и очень красивая коллекция. \r\nTempest – коллекция, которой свойственна глубина текстуры, 3d частицы, включение блесток. Эту коллекцию пытаются повторить другие производители, но изобретатель пока по качеству и красоте держит лидерство с 2009 года.\r\n\r\n\r\nStaron, как говорилось выше, относится к линейке акриловых камней, которые обладают такими свойствами – плотные, непористые. Акриловые камни поддаются ремонту, они однородны. Ариловые камни можно склеивать бесшовно, что позволяет изготавливать разнообразные изделия, не ограничиваясь его размерами материала. \r\nТакие камни легко моются и долговечны.\r\nКак правило акриловый камень изготавливают в двух форматах 3680 х760 х 12,3 мм и 2500 х 760 х 6 мм. \r\nКамни толщиной 12 мм – основная линейка, представленная всей цветовой гаммой цветов и текстур. Они могут использоваться практически в любых помещениях, как в горизонтальной, так и в вертикальной облицовке.\r\nЛинейка камня толщиной 6 мм, представлена ограниченной серией цветов и не рекомендуется для изготовления горизонтальных поверхностей.\r\n\r\n\r\n\r\n\r\n\r\n\r\n\r\n\r\n\r\n\r\n\r\n\r\n\r\n\r\n\r\n\r\n\r\n\r\n\r\n\r\n\r\n\r\n\r\n\r\n',NULL,'Samsung Staron',1),(2,'lg_hi_macs','logo-lg-himacs.png','Искусственный акриловый камень LG Hi Macs – выпускает южнокорейский концерн широко известный, своей высокотехнологической продукцией -  LG Hausys.  Концерн производит акриловый материал Hi Macs с 1995 года.\r\nКамень Hi-Macs на российском рынке отделочных  материалов достаточно давно и прочно зарекомендовал себя как качественный и надежный материал.\r\n','Также как и другие акриловые камни Hi-Macs можно применять в помещениях с высокой влажностью. Этот материал отличает высокая прочность, устойчивость к пятнам и экологичность. \r\nLg Hi Macs пользуется успехом во всем мире у дизайнеров и архитекторов. Благодаря своей пластичности и возможности склеивать материал без швов есть возможность воплощать практически любые проекты в дизайне помещений с камнем Hi Macs.\r\nОтличительной особенностью LG  Hi-Macs можно назвать самой широким ассортиментов коллекции с мраморной текстурой, которая неизменно совершенствуется и пополняется.\r\n',NULL,'LG Hi Macs',1),(3,'hanex','logohanex.jpg','Hanex – акриловый композитный материал, который производится крупномасштабным  южнокорейским производством Hawna L&C с 1995 года.\r\nHanex позиционируется как камень  премиального класса, в состав которого входят дорогие компоненты в отличие от некоторых производителей, которые используют более дешевые компоненты. \r\nВ частности, речь идет о ПММА – Полиметилметакрилат и MMA – Метилметакрилат. Эти компоненты  заполняются тригидратом  алюминия, и отвечают за качества камня.','Основными затратами на изготовления камня, которые и составляют почти стоимость камня  являются затраты на  компонент ПММА. Этот компонент обеспечивает прочность, гибкость материала  и устойчивость к выцветанию. В акриловых камнях премиум-класса используются ПММА высокого качества, плюс этот компонент добавляют в нужной максимальной концентрации.\r\nКроме того, изготовитель камня – Hanex использует в в производстве более совершенную  технологию – DBCU. Суть ее заключается в двойном сжатии листа. Листы прогоняются максимально медленно по конвейеру между двумя валиками. Это дает равномерное распределение тепла и давление с обоих сторон, возможность контролировать температуру, делает материал более плотным и прочным. Такую технологию только и лишь частично использует производитель камня Corian компания Dupont.\r\nУ камня Hanex на данный момент насчитывается 14 коллекций. Необычными и уникальными, которых нет у других производителей следует отметить коллекцию Stratum – ее позиционируют как имитацию толщи горных пород (а мне лично напоминает даже эффект крокодиловой кожи) и коллекция Nativo -  серия цветов,ну с  оооочень крупными вкраплениями. \r\nЯ бы еще отметила коллекцию Glittering – такие цвета и текстуры у других производителей акрилового камня явно больше не встретить – цвета металлик с крупными вкраплениями. \r\n',NULL,'Hanex',1),(4,'corian','logocorian.jpg','Corian – искусственный акриловый камень производства США фирмы DuPont. В принципе, это первый акриловый камень который появился на рынке вообще. Компания Dupont первая изобрела подобный материал и оформила патент еще семидесятых годах прошлого века. И какое-то время право производить акриловый камень имела только она.\r\nС тех пор, появилось много других производителей акрилового камня. Но законодателем и пионером в развитии и совершенствовании технологии акриловых поверхностей остается DuPont. Долгое время в обиходе, любой акриловый камень называли корианом.\r\n','Первые освоили мраморную текстуру, светопроводящие цвета, многие цвета  их коллекций повторяют другие производители.  Одной последних из новинок от компании Dupont явилось появление коллекции серии Deep. Отличительной особенностью, которой является прокрас акрила на глубину, что наконец  дало возможность безбоязненно использовать темные цвета камня на интенсивно эксплуатируемых поверхностяхм- такие как кухонные столешницы.\r\nНа поверхности  при эксплуатации цветов серии Deep не видны белесые царапинки, которые неизбежно появляются на обычных темных  и ярких цветах.\r\nУспех камня Corian обусловлен качеством, десятилетиями наработанной репутацией, постоянным обновлением коллекций связанной с веяниями моды и совершенствования технологий.\r\n',NULL,'Corian',2),(5,'tristone','logotristone.jpg','Тристоун трайстоун ля ля ля','ля ля ля Тристоун трайстоун ля ля ля',NULL,'Tristone',1),(6,'grandex','logograndex.jpg','Грандекс грандекс ','Грандекс грандекс  Грандекс грандекс Грандекс грандекс ',NULL,'Grandex',1),(7,'kerrock','logokerrock.jpg','Акриловый камень Kerrok, производится в Европе, словенской компанией Kopla.  Сама компания существует с 1978 года, это относительно молодой возраст для производителя камня. Тем не менее,  компания уже обладает достаточным опытом, а постоянное движение к совершенствованию и инновационным подходам – завоевала надежную репутацию и имя на европейском рынке.','Искусственный акриловый камень Kerrock по сравнению с  другими производителями на российском рынке сравнительно недавно. И несмотря на это уже занял  должную нишу среди конкурентов. \r\nОдним из преимуществ камня Kerrock -  коллекция Uni –  внушительная коллекция мотонных цветов, которые так необходимы в работе дизайнеров и архитекторов в широкомасштабных проектах. \r\nДо прихода камня Kerrock, таким преимуществом в разнообразии моно цветов обладал только камень Corian. \r\nПомимо прочего, компания предлагает изготовить уникальную партию цвета под проект, в достаточно короткий срок (2 недели). Помимо цвета можно заказать определенную толщину материла – от 3 до 27 мм и ширину от 500 мм до 1350 мм. Таким выбором в цвете и размерах и сроках может похвастать, далеко не каждый производитель.\r\n\r\nТакже, одним из преимуществ камня Kerrok следует отметить интересную линейку серии камней Lumino – светопроводящая коллекция, которая дает новые возможности для дизайнеров в свето-цветовом оформлении интерьеров.\r\n',NULL,'Kerrock',1),(8,'montelli','logomontelli.jpg','Монтелли монтелька','Монтелли монтелька Монтелли монтелька Монтелли монтелька',NULL,'Montelli',4),(9,'getacore','logogetacore.jpg','Гетакор гетакор','Гетакор гетакор Гетакор гетакор Гетакор гетакор Гетакор гетакор',NULL,'GetaCore',3),(10,'samsung_radianz','logoradianz.jpg','Радианс радиансс','Радианс радиансс Радианс радиансс Радианс радиансс Радианс радиансс',NULL,'Samsung Radianz',1),(11,'caesarstone','logocaesarstone.png','Цезарь стоун Цезарь стоун Цезарь стоун','Цезарь стоун Цезарь стоун Цезарь стоун Цезарь стоун Цезарь стоун Цезарь стоун Цезарь стоун Цезарь стоун Цезарь стоун',NULL,'CaesarStone',7),(12,'cambria','logocambria.jpg','Камбрия камбрия камбрия','Камбрия камбрия камбрия Камбрия камбрия камбрия Камбрия камбрия камбрия',NULL,'Cambria',2),(13,'plazastone','logoplazastone.jpg','Плаза стоун плаза плаза Плаза стоун плаза плаза Плаза стоун плаза плаза','Плаза стоун плаза плаза Плаза стоун плаза плаза Плаза стоун плаза плаза Плаза стоун плаза плаза Плаза стоун плаза плаза Плаза стоун плаза плаза Плаза стоун плаза плаза Плаза стоун плаза плаза Плаза стоун плаза плаза',NULL,'Plaza Stone',8),(14,'scorino','logoscorino.png','Скорино скорино скорино','Скорино скорино скорино Скорино скорино скорино Скорино скорино скорино Скорино скорино скорино',NULL,'Scorino',6);
/*!40000 ALTER TABLE `brand` ENABLE KEYS */;
UNLOCK TABLES;

--
-- Table structure for table `collection`
--

DROP TABLE IF EXISTS `collection`;
/*!40101 SET @saved_cs_client     = @@character_set_client */;
/*!40101 SET character_set_client = utf8 */;
CREATE TABLE `collection` (
  `id` int(11) NOT NULL AUTO_INCREMENT,
  `name` varchar(255) NOT NULL,
  `description` text,
  `brand_id` int(11) NOT NULL,
  `price` int(11) DEFAULT NULL,
  `priority` int(11) DEFAULT '0',
  PRIMARY KEY (`id`),
  KEY `fk_collection_brand_idx` (`brand_id`),
  CONSTRAINT `fk_collection_brand` FOREIGN KEY (`brand_id`) REFERENCES `brand` (`id`) ON DELETE NO ACTION ON UPDATE NO ACTION
) ENGINE=InnoDB AUTO_INCREMENT=53 DEFAULT CHARSET=utf8;
/*!40101 SET character_set_client = @saved_cs_client */;

--
-- Dumping data for table `collection`
--

LOCK TABLES `collection` WRITE;
/*!40000 ALTER TABLE `collection` DISABLE KEYS */;
INSERT INTO `collection` VALUES (1,'Solid','',1,NULL,1),(2,'Super Solid','',1,NULL,2),(3,'solidsolid','',2,NULL,0),(4,'Sanded','',1,NULL,3),(5,'Aspen','',1,NULL,4),(6,'Metallic','',1,NULL,5),(7,'Pebble','',1,15000,6),(8,'Quarry&Mosaic','',1,NULL,7),(9,'Tempest','',1,NULL,9),(10,'Supreme','',1,NULL,8),(11,'Lumino','',7,NULL,2),(12,'Uni','',7,NULL,1),(13,'Teraco','',7,NULL,7),(14,'Granite','',7,NULL,6),(15,'Luminaco','',7,NULL,4),(16,'Luminaco S','',7,NULL,5),(17,'Marble','',7,NULL,3),(18,'Galaxy','',2,NULL,9),(19,'Marmo&Midas','',2,NULL,8),(20,'Volcanics','',2,NULL,7),(21,'Lucia','',2,NULL,6),(22,'Quartz&Granite','',2,NULL,5),(23,'Sand&Pearl','',2,NULL,4),(24,'Perna&Sparkle','',2,NULL,3),(25,'Solid','',2,NULL,2),(26,'Lusent','',2,NULL,1),(27,'Категории 0-1','',4,NULL,5),(28,'Категория 2','',4,NULL,4),(29,'Категория 3','',4,NULL,3),(30,'Категория 4','',4,NULL,1),(31,'Solo','',3,NULL,1),(32,'Magic','',3,NULL,2),(33,'Duo','',3,NULL,3),(34,'Pearl','',3,NULL,4),(35,'Trio','',3,NULL,5),(36,'Cubic','',3,NULL,6),(37,'Therapy','',3,NULL,7),(38,'Galleria','',3,NULL,8),(39,'Glittering','',3,NULL,9),(40,'Brionne','',3,NULL,10),(41,'Bellasimo','',3,NULL,11),(42,'Bellasimo II','',3,NULL,12),(43,'Nativo','',3,NULL,13),(44,'Stratum','',3,NULL,14),(45,'Modern','',5,NULL,1),(46,'Classical','',5,NULL,2),(47,'Renaissance','',5,NULL,3),(48,'Romantic','',5,NULL,4),(49,'Baroque','',5,NULL,5),(50,'Romanesque','',5,NULL,6),(51,'Byzantine','',5,NULL,7),(52,'Marble (Avant-Garde)','',5,NULL,8);
/*!40000 ALTER TABLE `collection` ENABLE KEYS */;
UNLOCK TABLES;

--
-- Table structure for table `meta`
--

DROP TABLE IF EXISTS `meta`;
/*!40101 SET @saved_cs_client     = @@character_set_client */;
/*!40101 SET character_set_client = utf8 */;
CREATE TABLE `meta` (
  `id` int(11) NOT NULL AUTO_INCREMENT,
  `title` varchar(255) DEFAULT NULL,
  `keywords` varchar(255) DEFAULT NULL,
  `description` varchar(255) DEFAULT NULL,
  PRIMARY KEY (`id`)
) ENGINE=InnoDB DEFAULT CHARSET=utf8;
/*!40101 SET character_set_client = @saved_cs_client */;

--
-- Dumping data for table `meta`
--

LOCK TABLES `meta` WRITE;
/*!40000 ALTER TABLE `meta` DISABLE KEYS */;
/*!40000 ALTER TABLE `meta` ENABLE KEYS */;
UNLOCK TABLES;

--
-- Table structure for table `stone`
--

DROP TABLE IF EXISTS `stone`;
/*!40101 SET @saved_cs_client     = @@character_set_client */;
/*!40101 SET character_set_client = utf8 */;
CREATE TABLE `stone` (
  `id` int(11) NOT NULL AUTO_INCREMENT,
  `name` varchar(255) NOT NULL,
  `image` varchar(255) NOT NULL,
  `collection_id` int(11) NOT NULL,
  `meta_id` int(11) DEFAULT NULL,
  `description` text NOT NULL,
  `texture` int(11) DEFAULT NULL,
  `tone` int(11) DEFAULT NULL,
  PRIMARY KEY (`id`),
  KEY `fk_stone_collection1_idx` (`collection_id`),
  KEY `fk_stone_meta1_idx` (`meta_id`),
  CONSTRAINT `fk_stone_collection1` FOREIGN KEY (`collection_id`) REFERENCES `collection` (`id`) ON DELETE NO ACTION ON UPDATE NO ACTION,
  CONSTRAINT `fk_stone_meta1` FOREIGN KEY (`meta_id`) REFERENCES `meta` (`id`) ON DELETE NO ACTION ON UPDATE NO ACTION
) ENGINE=InnoDB AUTO_INCREMENT=605 DEFAULT CHARSET=utf8;
/*!40101 SET character_set_client = @saved_cs_client */;

--
-- Dumping data for table `stone`
--

LOCK TABLES `stone` WRITE;
/*!40000 ALTER TABLE `stone` DISABLE KEYS */;
INSERT INTO `stone` VALUES (1,'Bright White BW010','/images/samsung_staron/catalog/staron_bw010_solid_bright_white.jpg',1,NULL,'Искусственный камень Samsung Staron Bright White BW010',NULL,NULL),(2,'Diamond White','/lg_hi_macs/images/catalog/lg_hi_macs_solid_s034_diamond_white.jpg',3,NULL,'Искусственный камень LG Hi Macs Diamond White',NULL,NULL),(3,'Brown AB632','/images/samsung_staron/catalog/staron_ab632_aspen_brown.jpg',5,NULL,'Искусственный камень Samsung Staron Aspen Brown AB632',NULL,NULL),(4,'Glasier White AG612','/images/samsung_staron/catalog/staron_ag612_aspen_glacier.jpg',5,NULL,'Искусственный камень Samsung Staron Aspen Glasier AG612',NULL,NULL),(5,'Aspen Lava AL650','/images/samsung_staron/catalog/staron_al650_aspen_lava.jpg',5,NULL,'Искусственный камень Samsung Staron Aspen Lava AL650',NULL,NULL),(6,'Aspen Mine AM633','/images/samsung_staron/catalog/staron_am633_aspen_mine.jpg',5,NULL,'Искусственный камень Samsung Staron Aspen Mine AM633',NULL,NULL),(7,'Aspen Pepper AP640','/images/samsung_staron/catalog/staron_ap640_aspen_pepper.jpg',5,NULL,'Искусственный камень Samsung Staron Aspen Pepper AP640',NULL,NULL),(8,'Aspen Snow AS610','/images/samsung_staron/catalog/staron_as610_aspen_snow.jpg',5,NULL,'Искусственный камень Samsung Staron Aspen Snow AS610',NULL,NULL),(9,'Aspen Seashell AS642','/images/samsung_staron/catalog/staron_as642_aspen_seashell.jpg',5,NULL,'Искусственный камень Aspen Seashell AS642',NULL,NULL),(10,'Aspen Sky AS670','/images/samsung_staron/catalog/staron_as670_aspen_sky.jpg',5,NULL,'Искусственный камень Samsung Staron Aspen Sky AS670',NULL,NULL),(11,'Dark Nebula DN421','/images/samsung_staron/catalog/staron_dn421_sanded_dark_nebula.jpg',4,NULL,'Искусственный камень Samsung Staron Dark Nebula DN421',NULL,NULL),(12,'Metallic Cosmos EC596','/images/samsung_staron/catalog/staron_e%D1%81596_metallic_cosmos.jpg',6,NULL,'Искусственный камень Samsung Staron Metallic Cosmos EC596',NULL,NULL),(13,'Metallic Beach EB545','/images/samsung_staron/catalog/staron_eb545_metallic_beach.jpg',6,NULL,'Искусственный камень Samsung Staron Metallic Beach EB545',NULL,NULL),(14,'Metallic Galaxy EG595','/images/samsung_staron/catalog/staron_eb595_metallic_galaxy.jpg',6,NULL,'Искусственный камень Samsung Staron Metallic Galaxy EG595',NULL,NULL),(15,'Metallic Satingold ES558','/images/samsung_staron/catalog/staron_es558_metallic_satingold.jpg',6,NULL,'Искусственный камень Samsung Staron Metallic Satingold ES558',NULL,NULL),(16,'Metallic Sleeksilver ES581','/images/samsung_staron/catalog/staron_es581_metallic_sleeksilver.jpg',6,NULL,'Искусственный камень Samsung Staron Metallic Sleeksilver ES581',NULL,NULL),(17,'Metallic Youkon EY510','/images/samsung_staron/catalog/staron_ey510_metallic_yukon.jpg',6,NULL,'Искусственный камень Samsung Staron Metallic Youkon EY510',NULL,NULL),(18,'Tempest Adamantine FA159','/images/samsung_staron/catalog/staron_fa159_tempest_adamantine.jpg',9,NULL,'Искусственный камень Samsung Staron Tempest Adamantine FA159',NULL,NULL),(19,'Tempest Blaze FB147','/images/samsung_staron/catalog/staron_fb147_tempest_blaze.jpg',9,NULL,'Искусственный камень Samsung Staron Tempest Blaze FB147',NULL,NULL),(20,'Tempest Bronzestar FB154','/images/samsung_staron/catalog/staron_fb154_tempest_bronzestar.jpg',9,NULL,'Искусственный камень Samsung Staron Tempest Bronzestar FB154',NULL,NULL),(21,'Tempest Confection FC116','/images/samsung_staron/catalog/staron_fc116_tempest_confection.jpg',9,NULL,'Искусственный камень Samsung Staron Tempest Confection FC116',NULL,NULL),(22,'Tempest Cinnamon FC153','/images/samsung_staron/catalog/staron_fc153_tempest_cinnamon.jpg',9,NULL,'Искусственный камень Samsung Staron Tempest Cinnamon FC153',NULL,NULL),(23,'Tempest Copperplate FC156','/images/samsung_staron/catalog/staron_fc156_tempest_copperplate.jpg',9,NULL,'Искусственный камень Samsung Staron Tempest Copperplate FC156',NULL,NULL),(24,'Tempest Coffee Bean FC158','/images/samsung_staron/catalog/staron_fc158_tempest_coffeebean.jpg',9,NULL,'Искусственный камень Samsung Staron Tempest Coffee Bean FC158',NULL,NULL),(25,'Tempest Coviar FC188','/images/samsung_staron/catalog/staron_fc188_tempest_caviar.jpg',9,NULL,'Искусственный камень Samsung Staron Tempest Coviar FC188',NULL,NULL),(26,'Constellation FC197 ','/images/samsung_staron/catalog/staron_fc197_tempest_constellation.jpg',9,NULL,'Искусственный камень Samsung Staron  Tempest Constellation FC197 ',7,11),(27,'Tempest Dazzle FD191','/images/samsung_staron/catalog/staron_fd191_tempest_dazzle.jpg',9,NULL,'Искусственный камень Samsung Staron Tempest Dazzle FD191',NULL,NULL),(28,'Tempest Glimmer FG144','/images/samsung_staron/catalog/staron_fg144_tempest_glimmer.jpg',9,NULL,'Искусственный камень Samsung Staron Tempest Glimmer FG144',NULL,NULL),(29,'Tempest Gleam FG146','/images/samsung_staron/catalog/staron_fg146_tempest_gleam.jpg',9,NULL,'Искусственный камень Samsung Staron Tempest Gleam FG146',NULL,NULL),(30,'Tempest Genesis FG174','/images/samsung_staron/catalog/staron_fg174_tempest_genesis.jpg',9,NULL,'Искусственный камень Samsung Staron Tempest Genesis FG174',NULL,NULL),(31,'Tempest Gold Leaf FG196','/images/samsung_staron/catalog/staron_fg196_tempest_gold_leaf.jpg',9,NULL,'Искусственный камень Samsung Staron Tempest Gold Leaf FG196',NULL,NULL),(32,'Tempest Horizont FH114','/images/samsung_staron/catalog/staron_fh114_tempest_horizon.jpg',9,NULL,'Искусственный камень Samsung Staron Tempest Horizont FH114',NULL,NULL),(33,'Tempest Igneus FI187','/images/samsung_staron/catalog/staron_fi187_tempest_igneus.jpg',9,NULL,'Искусственный камень Samsung Staron Tempest Igneus FI187',NULL,NULL),(34,'Tempest Meteor FM111 ','/images/samsung_staron/catalog/staron_fm111_tempest_meteor.jpg',9,NULL,'Искусственный камень Samsung Staron Tempest Meteor FM111 ',NULL,NULL),(35,'Tempest Moonlight FM122','/images/samsung_staron/catalog/staron_fm122_tempest_moonlight.jpg',9,NULL,'Искусственный камень Samsung Staron Tempest Moonlight FM122',NULL,NULL),(36,'Tempest Peak FP100','/images/samsung_staron/catalog/staron_fp100_tempest_peak.jpg',9,NULL,'Искусственный камень Samsung Staron Tempest Peak FP100',NULL,NULL),(37,'Tempest Pinnacle FP112','/images/samsung_staron/catalog/staron_fp112_tempest_pinnacle.jpg',9,NULL,'Искусственный камень Samsung Staron Tempest Pinnacle FP112',NULL,NULL),(38,'Tempest Rime FR118','/images/samsung_staron/catalog/staron_fr118_tempest_rime.jpg',9,NULL,'Искусственный камень Samsung Staron Tempest Rime FR118',NULL,NULL),(39,'Tempest Papika FP136','/images/samsung_staron/catalog/staron_fp136_tempest_paprika.jpg',9,NULL,'Искусственный камень Samsung Staron Tempest Papika FP136',NULL,NULL),(40,'Tempest Praire FP142','/images/samsung_staron/catalog/staron_fp142_tempest_praire.jpg',9,NULL,'Искусственный камень Samsung Staron Tempest Praire FP142',NULL,NULL),(41,'Tempest Rattan FR124','/images/samsung_staron/catalog/staron_fr124_tempest_rattan.jpg',9,NULL,'Искусственный камень Samsung Staron Tempest Rattan FR124',NULL,NULL),(42,' Shimmer / Radiance FR148','/images/samsung_staron/catalog/staron_fr148_tempest_shimmer_radiance.jpg',9,NULL,'Искусственный камень Samsung Staron Tempest Shimmer / Radiance FR148',NULL,NULL),(43,'Tempest Shell FS115','/images/samsung_staron/catalog/staron_fs115_tempest_shell.jpg',9,NULL,'Искусственный камень Samsung Staron Tempest Shell FS115',NULL,NULL),(44,'Tempest Spice FS137','/images/samsung_staron/catalog/staron_fs137_tempest_spice.jpg',9,NULL,'Искусственный камень Samsung Staron Tempest Spice FS137',NULL,NULL),(45,'Tempest Shallot FS157','/images/samsung_staron/catalog/staron_fs157_tempest_shallot.jpg',9,NULL,'Искусственный камень Samsung Staron Tempest Shallot FS157',NULL,NULL),(46,'Tempest Spearmint FS164','/images/samsung_staron/catalog/staron_fs164_tempest_spearmint.jpg',9,NULL,'Искусственный камень Samsung Staron Tempest Spearmint FS164',NULL,NULL),(47,'Tempest Starfire FS198','/images/samsung_staron/catalog/staron_fs198_tempest_starfire.jpg',9,NULL,'Искусственный камень Samsung Staron Tempest Starfire FS198',NULL,NULL),(48,'Tempest Twilight FT113','/images/samsung_staron/catalog/staron_ft113_tempest_twilight.jpg',9,NULL,'Искусственный камень Samsung Staron Tempest Twilight FT113 ',NULL,NULL),(49,'Tempest Tektite FT188','/images/samsung_staron/catalog/staron_ft188_tempest_tektite.jpg',9,NULL,'Искусственный камень Samsung Staron Tempest Tektite FT188',NULL,NULL),(50,'Tempest Whippoorwill FW145','/images/samsung_staron/catalog/staron_fw145_tempest_whippoorwill.jpg',9,NULL,'Искусственный камень Samsung Staron Tempest Whippoorwill FW145',NULL,NULL),(51,'Tempest Zenith FZ184','/images/samsung_staron/catalog/staron_fz184_tempest_zenith.jpg',9,NULL,'Искусственный камень Samsung Staron Tempest Zenith FZ184',NULL,NULL),(52,'Onyx ON095','/images/samsung_staron/catalog/staron_on095_super_solid_onyx.jpg',2,NULL,'Искусственный камень Samsung Staron Onyx ON095',NULL,NULL),(53,'Pebble Aqua PA860','/images/samsung_staron/catalog/staron_pa860_pebble_aqua.jpg',7,NULL,'Искусственный камень Samsung Staron Pebble Aqua PA860',NULL,NULL),(54,'Pebble Terrain PT857','/images/samsung_staron/catalog/staron_pb857_pebble_terrain.jpg',7,NULL,'Искусственный камень Samsung Staron Pebble Terrain PT857',NULL,NULL),(55,'Pebble Blue PB870','/images/samsung_staron/catalog/staron_pb870_pebble_blue.jpg',7,NULL,'Искусственный камень Samsung Staron Pebble Blue PB870',NULL,NULL),(56,'Pebble Copper PC851','/images/samsung_staron/catalog/staron_pc851_pebble_copper.jpg',7,NULL,'Искусственный камень Samsung Staron Pebble Copper PC851',NULL,NULL),(57,'Pebble Confetti PC880','/images/samsung_staron/catalog/staron_pc880_pebble_confetti.jpg',7,NULL,'Искусственный камень Samsung Staron Pebble Confetti PC880',NULL,NULL),(58,'Pebble Ebone PE814','/images/samsung_staron/catalog/staron_pe814_pebble_ebony.jpg',7,NULL,'Искусственный камень Samsung Staron Pebble Ebone PE814',NULL,NULL),(59,'Pebble Grey PG810','/images/samsung_staron/catalog/staron_pg810_pebble_grey.jpg',7,NULL,'Искусственный камень Samsung Staron Pebble Grey PG810',NULL,NULL),(60,'Pebble Gold PG840','/images/samsung_staron/catalog/staron_pg840_pebble_gold.jpg',7,NULL,'Искусственный камень Samsung Staron Pebble Gold PG840',NULL,NULL),(61,'Pebble Ice PI811','/images/samsung_staron/catalog/staron_pi811_pebble_ice.jpg',7,NULL,'Искусственный камень Samsung Staron  Pebble Ice PI811',NULL,NULL),(62,'Pebble Kernel PK843','/images/samsung_staron/catalog/staron_pk843_pebble_kernel.jpg',7,NULL,'Искусственный камень Samsung Staron Pebble Kernel PK843',NULL,NULL),(63,'Pebble Limestone PL848','/images/samsung_staron/catalog/staron_pl848_pebble_limestone.jpg',7,NULL,'Искусственный камень Samsung Staron Pebble Limestone PL848',NULL,NULL),(64,'Pebble Ponderosa PP868','/images/samsung_staron/catalog/staron_pp868_pebble_ponderosa.jpg',7,NULL,'Искусственный камень Samsung Staron Pebble Ponderosa PP868',NULL,NULL),(65,'Pebble Rose PR850','/images/samsung_staron/catalog/staron_pr850_pebble_rose.jpg',7,NULL,'Искусственный камень Samsung Staron Pebble Rose PR850',NULL,NULL),(66,'Pebble Saratoga PS820','/images/samsung_staron/catalog/staron_ps820_pebble_saratoga.jpg',7,NULL,'Искусственный камень Samsung Staron Pebble Saratoga PS820',NULL,NULL),(67,'Mosaic Black Bean QB299','/images/samsung_staron/catalog/staron_qb299_mosaic_black_bean.jpg',8,NULL,'Искусственный камень Samsung Staron Mosaic Black Bean QB299',NULL,NULL),(68,'Mosaic Dalmatian QD212','/images/samsung_staron/catalog/staron_qd212_mosaic_dalmatian.jpg',8,NULL,'Искусственный камень Samsung Staron Mosaic Dalmatian QD212',NULL,NULL),(69,'Quarry Esker QE240','/images/samsung_staron/catalog/staron_qe240_quarry_esker.jpg',8,NULL,'Искусственный камень Samsung Staron Quarry Esker QE240',NULL,NULL),(70,'Quarry Minette QM289','/images/samsung_staron/catalog/staron_qm289_quarry_minette.jpg',8,NULL,'Искусственный камень Samsung Staron Quarry Minette QM289',NULL,NULL),(71,'Mosaic Numbus QN287','/images/samsung_staron/catalog/staron_qn287_mosaic_nimbus.jpg',8,NULL,'Искусственный камень Samsung Staron Mosaic Numbus QN287',NULL,NULL),(72,'Quarry Starred','/images/samsung_staron/catalog/staron_qs287_quarry_starred.jpg',8,NULL,'Искусственный камень Samsung Staron Quarry Starred',NULL,NULL),(73,'Sanded Birch SB412','/images/samsung_staron/catalog/staron_sb412_sanded_birch.jpg',4,NULL,'Искусственный камень Samsung Staron Sanded Birch SB412',NULL,NULL),(74,'Blonde SB043','/images/samsung_staron/catalog/staron_sb043_super_solid_blonde.jpg',2,NULL,'Искусственный камень Samsung Staron Blonde SB043',NULL,NULL),(75,'California Poppy SC052','/images/samsung_staron/catalog/staron_sc052_super_solid_california_poppy.jpg',2,NULL,'Искусственный камень Samsung Staron California Poppy SC052',NULL,NULL),(76,'Sanded Cornmeal SC433','/images/samsung_staron/catalog/staron_sc433_sanded_cornmeal.jpg',4,NULL,'Искусственный камень Samsung Staron Sanded Cornmeal SC433',NULL,NULL),(77,'Sanded Chestnut CS457','/images/samsung_staron/catalog/staron_sc457_sanded_chestnut.jpg',4,NULL,'Искусственный камень Samsung Staron Sanded Chestnut CS457',NULL,NULL),(78,'Dazzling White SD001','/images/samsung_staron/catalog/staron_sd001_super_solid_dazzling_white.jpg',2,NULL,'Искусственный камень Samsung Staron Dazzling White SD001',NULL,NULL),(79,'Fog SF020','/images/samsung_staron/catalog/staron_sf020_super_solid_fog.jpg',2,NULL,'Искусственный камень Samsung Staron Fog SF020',NULL,NULL),(80,'Green Tea SG065','/images/samsung_staron/catalog/staron_sg065_super_solid_green_tea.jpg',2,NULL,'Искусственный камень Samsung Staron Green Tea SG065',NULL,NULL),(81,'Sanded Grey SG420','/images/samsung_staron/catalog/staron_sg420_sanded_grey.jpg',4,NULL,'Искусственный камень Samsung Staron Sanded Grey SG420',NULL,NULL),(82,'Sanded Gold Dust SG441','/images/samsung_staron/catalog/staron_sg441__sanded_gold_dust.jpg',4,NULL,'Искусственный камень Samsung Staron Sanded Gold Dust SG441',NULL,NULL),(83,'Ivory SI040','/images/samsung_staron/catalog/staron_si040_solid_ivory.jpg',1,NULL,'Искусственный камень Samsung Staron Ivory SI040',NULL,NULL),(84,'Iris SI056','/images/samsung_staron/catalog/staron_si056_super_solid_iris.jpg',2,NULL,'Искусственный камень Samsung Staron Iris SI056',NULL,NULL),(85,'Sanded Icicle SI414','/images/samsung_staron/catalog/staron_si414_sanded_icicle.jpg',4,NULL,'Искусственный камень Samsung Staron Sanded Icicle SI414',NULL,NULL),(86,'Mountain Bluebird SM075','/images/samsung_staron/catalog/staron_sm075_super_solid_mountain_bluebird.jpg',2,NULL,'Искусственный камень Samsung Staron Mountain Bluebird SM075',NULL,NULL),(87,'Sanded Cream SM421','/images/samsung_staron/catalog/staron_sm421__sanded_cream.jpg',4,NULL,'Искусственный камень Samsung Staron Sanded Cream SM421',NULL,NULL),(88,'Sanded Mocha SM453','/images/samsung_staron/catalog/staron_sm453__sanded_mocha.jpg',4,NULL,'Искусственный камень Samsung Staron Sanded Mocha SM453',NULL,NULL),(89,'Sanded Onyx SO423','/images/samsung_staron/catalog/staron_so423_sanded_onyx.jpg',4,NULL,'Искусственный камень Samsung Staron Sanded Onyx SO423',NULL,NULL),(90,'Sanded Oatmeal SO446','/images/samsung_staron/catalog/staron_so446_sanded_oatmeal.jpg',4,NULL,'Искусственный камень Samsung Staron Sanded Oatmeal SO446',NULL,NULL),(91,'Pearl SP011','/images/samsung_staron/catalog/staron_sp011_solid_pearl.jpg',1,NULL,'Искусственный камень Samsung Staron Pearl SP011',NULL,NULL),(92,'Pure White SP016','/images/samsung_staron/catalog/staron_sp016_solid_pure-white.jpg',1,NULL,'Искусственный камень Samsung Staron Pure White SP016',NULL,NULL),(93,'Sanded Pine SP462','/images/samsung_staron/catalog/staron_sp462_sanded_pine.jpg',4,NULL,'Искусственный камень Samsung Staron Sanded Pine SP462',NULL,NULL),(94,'Quasar White SQ019','/images/samsung_staron/catalog/staron_sq019_solid_quasar_white.jpg',1,NULL,'Искусственный камень Samsung Staron Quasar White SQ019',NULL,NULL),(95,'Sunflower SS042','/images/samsung_staron/catalog/staron_ss042_super_solid_sunflower.jpg',2,NULL,'Искусственный камень Samsung Staron Sunflower SS042',NULL,NULL),(96,'Sanded Stratus SS418','/images/samsung_staron/catalog/staron_ss418_sanded_stratus.jpg',4,NULL,'Искусственный камень Samsung Staron Sanded Stratus SS418',NULL,NULL),(97,'Sanded Sahara SS440','/images/samsung_staron/catalog/staron_ss440_sanded_sahara.jpg',4,NULL,'Искусственный камень Samsung Staron Sanded Sahara SS440',NULL,NULL),(98,'Sanded Seafoam SS471','/images/samsung_staron/catalog/staron_ss471_sanded_seafoam_.jpg',4,NULL,'Искусственный камень Samsung Staron Sanded Seafoam SS471',NULL,NULL),(99,'Tusk ST015','/images/samsung_staron/catalog/staron_st015_solid_tusk.jpg',1,NULL,'Искусственный камень Samsung Staron Tusk ST015',NULL,NULL),(100,'Steel ST023','/images/samsung_staron/catalog/staron_st023_super_solid_steel.jpg',2,NULL,'Искусственный камень Samsung Staron Steel ST023',NULL,NULL),(101,'Univers SU053','/images/samsung_staron/catalog/staron_su053_super_solid_univers.jpg',2,NULL,'Искусственный камень Samsung Staron Univers SU053',NULL,NULL),(102,'Natural SV041','/images/samsung_staron/catalog/staron_sv041_solid_natural.jpg',1,NULL,'Искусственный камень Samsung Staron Natural SV041',NULL,NULL),(103,'Sanded Vermillion SV430','/images/samsung_staron/catalog/staron_sv430_sanded_vermillion.jpg',4,NULL,'Искусственный камень Samsung Staron Sanded Vermillion SV430',NULL,NULL),(104,'Talus Oyster TO310','/images/samsung_staron/catalog/staron_to310_quarry_oyster.jpg',8,NULL,'Искусственный камень Samsung Staron Talus Oyster TO310',NULL,NULL),(105,'Talus Sandbar TS345','/images/samsung_staron/catalog/staron_ts345_talus_sandbar.jpg',8,NULL,'Искусственный камень Samsung Staron Talus Sandbar TS345',NULL,NULL),(106,'Supreme Cloudbank VC118','/images/samsung_staron/catalog/staron_vc118_supreme_cloudbank_zakaz.jpg',10,NULL,'Искусственный камень Samsung Staron Supreme Cloudbank VC118',NULL,NULL),(107,'Supreme Delphi VD111','/images/samsung_staron/catalog/staron_vd111_supreme_delphi_zakaz.jpg',10,NULL,'Искусственный камень Samsung Staron  Supreme Delphi VD111',NULL,NULL),(108,'Supreme Dawn VD126','/images/samsung_staron/catalog/staron_vd126_supreme_dawn.jpg',10,NULL,'Искусственный камень Samsung Staron Supreme Dawn VD126',NULL,NULL),(109,'Supreme Dandelion VD175','/images/samsung_staron/catalog/staron_vd175_supreme_dandelion.jpg',10,NULL,'Искусственный камень Samsung Staron Supreme Dandelion VD175',NULL,NULL),(110,'Supreme Loam VL155','/images/samsung_staron/catalog/staron_vl155_supreme_loam.jpg.jpg',10,NULL,'Искусственный камень Samsung Staron Supreme Loam VL155',NULL,NULL),(111,'Supreme Magnolia','/images/samsung_staron/catalog/staron_vm143_supreme_magnolia.jpg',10,NULL,'Искусственный камень Samsung Staron Supreme Magnolia',NULL,NULL),(112,'Supreme Natural Bridge','/images/samsung_staron/catalog/staron_vn144_supreme_natural_bridge.jpg',10,NULL,'Искусственный камень Samsung Staron Supreme Natural Bridge',NULL,NULL),(113,'Supreme Ocean View','/images/samsung_staron/catalog/staron_vo171_supreme_ocean_view.jpg',10,NULL,'Искусственный камень Samsung Staron Supreme Ocean View',NULL,NULL),(114,'Supreme Presto VP159','/images/samsung_staron/catalog/staron_vp159_supreme_presto_zakaz.jpg',10,NULL,'Искусственный камень Samsung Staron Supreme Presto VP159',NULL,NULL),(115,'Supreme Pastoral VP177','/images/samsung_staron/catalog/staron_vp177_supreme_pastoral_zakaz.jpg',10,NULL,'Искусственный камень Samsung Staron Supreme Pastoral VP177',NULL,NULL),(116,'White Pepper WP410','/images/samsung_staron/catalog/staron_wp410_sanded_white_pepper.jpg',4,NULL,'Искусственный камень Samsung Staron White Pepper WP410',NULL,NULL),(117,'White 011','/images/kerrock/catalog/kerrock_011_lumino_white.jpg',11,NULL,'Искусственный камень Kerrock White 011',NULL,NULL),(118,'Yellow 021','/images/kerrock/catalog/kerrock_021_lumino_yellow.jpg',11,NULL,'Искусственный камень Kerrock Yellow 021',NULL,NULL),(119,'Pink 041','/images/kerrock/catalog/kerrock_041_lumino_pink.jpg',11,NULL,'Искусственный камень Kerrock Pink 041',NULL,NULL),(120,'Green 061','/images/kerrock/catalog/kerrock_061_lumino_green.jpg',11,NULL,'Искусственный камень Kerrock Green 061',NULL,NULL),(121,'Blue 071','/images/kerrock/catalog/kerrock_071_lumino_blue.jpg',11,NULL,'Искусственный камень Kerrock Blue 071',1,NULL),(122,'Arctic White100','/images/kerrock/catalog/kerrock_100_uni_artic_white.jpg',12,NULL,'Искусственный камень Kerrock Arctic White 100',NULL,NULL),(123,'Polar White 101','/images/kerrock/catalog/kerrock_101_uni_polar_white.jpg',12,NULL,'Искусственный камень Kerrock Polar White 101',NULL,NULL),(124,'Quarz 1050','/images/kerrock/catalog/kerrock_1050_teraco_quarz.jpg',13,NULL,'Искусственный камень Kerrock Quarz 1050',NULL,NULL),(125,'Aragonite 1052','/images/kerrock/catalog/kerrock_1052_teraco_aragonite.jpg',13,NULL,'Искусственный камень Kerrock Aragonite 1052',NULL,NULL),(126,'Granulite 1055','/images/kerrock/catalog/kerrock_1055_teraco_granulite.jpg',13,NULL,'Искусственный камень Kerrock Whire Granulite 1055',NULL,NULL),(127,'Platinum 1071','/images/kerrock/catalog/kerrock_1071_granite_platinum.jpg',14,NULL,'Искусственный камень Kerrock Whire Platinum 1071',NULL,NULL),(128,'Wollastonite 1076','/images/kerrock/catalog/kerrock_1076_granite_wollastonite.jpg',14,NULL,'Искусственный камень Kerrock Wollastonite 1076',NULL,NULL),(129,'Dolomite Grain 1087','/images/kerrock/catalog/kerrock_1087_granite_dolomite_grain.jpg',14,NULL,'Искусственный камень Kerrock Dolomite Grain 1087',NULL,NULL),(130,'Snow White 108','/images/kerrock/catalog/kerrock_108_uni_snow_white.jpg',12,NULL,'Искусственный камень Kerrock Snow White 108',NULL,NULL),(131,'Granite Iceland 1090','/images/kerrock/catalog/kerrock_1090_granite_iceland.jpg',14,NULL,'Искусственный камень Kerrock Granite Iceland 1090',NULL,NULL),(132,'Salt and Pepper 1091','/images/kerrock/catalog/kerrock_1091_granite_salt_and_pepper.jpg',14,NULL,'Искусственный камень Kerrock Salt and Pepper 1091',NULL,NULL),(133,'Hematite 1092','/images/kerrock/catalog/kerrock_1092_granite_hematite.jpg',14,NULL,'Искусственный камень Kerrock Hematite 1092',NULL,NULL),(134,'Pyrite 1093','/images/kerrock/catalog/kerrock_1093_granite_pyrite.jpg',14,NULL,'Искусственный камень Kerrock  Pyrite 1093',NULL,NULL),(135,'Tourmaline 1099','/images/kerrock/catalog/kerrock_1099_granite_tourmaline.jpg',14,NULL,'Искусственный камень Kerrock  Tourmaline 1099',NULL,NULL),(136,'Virgin White 116','/images/kerrock/catalog/kerrock_116_uni_virgin_white.jpg',12,NULL,'Искусственный камень Kerrock Virgin White 116',NULL,NULL),(137,'Dusty White 117','/images/kerrock/catalog/kerrock_117_uni_dusty_white.jpg',12,NULL,'Искусственный камень Kerrock Dusty White 117',NULL,NULL),(138,'Pearl White 118','/images/kerrock/catalog/kerrock_118_uni_pearl_white.jpg',12,NULL,'Искусственный камень Kerrock  Pearl White 118',NULL,NULL),(139,'Apenino 1193','/images/kerrock/catalog/kerrock_1193_granite_apenino.jpg',14,NULL,'Искусственный камень Kerrock Apenino 1193',NULL,NULL),(140,'White Glitter 1194','/images/kerrock/catalog/kerrock_1194_granite_white_glitter.jpg',14,NULL,'Искусственный камень Kerrock White Glitter 1194',NULL,NULL),(141,'Lemon 201','/images/kerrock/catalog/kerrock_201_uni_lemon.jpg',12,NULL,'Искусственный камень Kerrock Lemon 201',NULL,NULL),(142,'Marble 2052','/images/kerrock/catalog/kerrock_2052_teraco_marble.jpg',13,NULL,'Искусственный камень Kerrock Marble 2052',NULL,NULL),(143,'Orange 300','/images/kerrock/catalog/kerrock_300_uni_orange.jpg',12,NULL,'Искусственный камень Kerrock Orange 300',NULL,NULL),(144,'Cherry 400','/images/kerrock/catalog/kerrock_400_uni_chery.jpg',12,NULL,'Искусственный камень Kerrock Cherry 400',NULL,NULL),(145,'Jaspis 4094','/images/kerrock/catalog/kerrock_4094_granite_jaspis.jpg',14,NULL,'Искусственный камень Kerrock Jaspis 4094',NULL,NULL),(146,'Violet 412','/images/kerrock/catalog/kerrock_412_uni_violet.jpg',12,NULL,'Искусственный камень Kerrock Violet 412',NULL,NULL),(147,'Vanila 500','/images/kerrock/catalog/kerrock_500_uni_vanila.jpg',12,NULL,'Искусственный камень Kerrock Vanila 500',NULL,NULL),(148,'French Vanila 501','/images/kerrock/catalog/kerrock_501_uni_french_vanila.jpg',12,NULL,'Искусственный камень Kerrock  French Vanila 501',NULL,NULL),(149,'Bone 502','/images/kerrock/catalog/kerrock_502_uni_bone.jpg',12,NULL,'Искусственный камень Kerrock Bone 502',NULL,NULL),(150,'Bisque 503','/images/kerrock/catalog/kerrock_503_uni_bisque.jpg',12,NULL,'Искусственный камень Kerrock Bisque 503',NULL,NULL),(151,'Cabazit 5051','/images/kerrock/catalog/kerrock_5051_teraco_cabazit.jpg',13,NULL,'Искусственный камень Kerrock Cabazit 5051',NULL,NULL),(152,'Calcite 5053','/images/kerrock/catalog/kerrock_5053_teraco_calcite.jpg',13,NULL,'Искусственный камень Kerrock 5053',NULL,NULL),(153,'Monte Carlo 5055','/images/kerrock/catalog/kerrock_5055_teraco_monte_carlo.jpg',13,NULL,'Искусственный камень Kerrock Monte Carlo 5055',NULL,NULL),(154,'Morocco 5057','/images/kerrock/catalog/kerrock_5057_teraco_morocco.jpg',13,NULL,'Искусственный камень Kerrock Morocco 5057',NULL,NULL),(155,'Spesartin 5059','/images/kerrock/catalog/kerrock_5059_teraco_spesartin.jpg',13,NULL,'Искусственный камень Kerrock Spesartin 5059',NULL,NULL),(156,'Albit 5061','/images/kerrock/catalog/kerrock_5061_teraco_albit.jpg',13,NULL,'Искусственный камень Kerrock Albit 5061',NULL,NULL),(157,'Barcelona 5062','/images/kerrock/catalog/kerrock_5062_teraco_barcelona.jpg',13,NULL,'Искусственный камень Kerrock Barcelona 5062',NULL,NULL),(158,'Semolina 5064','/images/kerrock/catalog/kerrock_5064_teraco_semolina.jpg',13,NULL,'Искусственный камень Kerrock Semolina 5064',NULL,NULL),(159,'Cream 506','/images/kerrock/catalog/kerrock_506_uni_cream.jpg',12,NULL,'Искусственный камень Kerrock Cream 506',NULL,NULL),(160,'Phenakite 5075','/images/kerrock/catalog/kerrock_5075_granite_phenakite.jpg',14,NULL,'Искусственный камень Kerrock Phenakite 5075',NULL,NULL),(161,'Desert Gold 5080','/images/kerrock/catalog/kerrock_5080_granite_desert_gold.jpg',14,NULL,'Искусственный камень Kerrock Desert Gold 5080',NULL,NULL),(162,'Sanrise 5081','/images/kerrock/catalog/kerrock_5081_granite_sunrise.jpg',14,NULL,'Искусственный камень Kerrock Sanrise 5081',NULL,NULL),(163,'Giadelite','/images/kerrock/catalog/kerrock_5083_granite_giadelite.jpg',14,NULL,'Искусственный камень Kerrock Giadelite',NULL,NULL),(164,'Moonstone 5090','/images/kerrock/catalog/kerrock_5090_granite_moonstone.jpg',14,NULL,'Искусственный камень Kerrock Moonstone 5090',NULL,NULL),(165,'Limonite 5091','/images/kerrock/catalog/kerrock_5091_granite_limonite.jpg',14,NULL,'Искусственный камень Kerrock Limonite 5091',NULL,NULL),(166,'Hiddenite 5092','/images/kerrock/catalog/kerrock_5092_granite_hiddenite.jpg',14,NULL,'Искусственный камень Kerrock Hiddenite 5092',NULL,NULL),(167,'Chrysoprase 5098','/images/kerrock/catalog/kerrock_5098_granite_chrysoprase.jpg',14,NULL,'Искусственный камень Kerrock Chrysoprase 5098',NULL,NULL),(168,'Brown Cream 509','/images/kerrock/catalog/kerrock_509_uni_brown_cream.jpg',12,NULL,'Искусственный камень Kerrock Brown Cream 509',NULL,NULL),(169,'Desert Rose 512','/images/kerrock/catalog/kerrock_512_uni_desert_rose.jpg',12,NULL,'Искусственный камень Kerrock Desert Rose 512',NULL,NULL),(170,'Gray Quartzite 513','/images/kerrock/catalog/kerrock_513_uni_gray_quartzite.jpg',12,NULL,'Искусственный камень Kerrock Gray Quartzite 513',NULL,NULL),(171,'Sandstone 514','/images/kerrock/catalog/kerrock_514_uni_sandstone.jpg',12,NULL,'Искусственный камень Kerrock Sandstone 514',NULL,NULL),(172,'Dolerit 515','/images/kerrock/catalog/kerrock_515_uni_dolerit.jpg',12,NULL,'Искусственный камень Kerrock Dolerit 515',NULL,NULL),(173,'Magnetite 5191','/images/kerrock/catalog/kerrock_5191_granite_magnetite.jpg',14,NULL,'Искусственный камень Kerrock  Magnetite 5191',NULL,NULL),(174,'Boehmite 5192','/images/kerrock/catalog/kerrock_5192_granite_boehmite.jpg',14,NULL,'Искусственный камень Kerrock  Boehmite 5192',NULL,NULL),(175,'Rhyolite 5194','/images/kerrock/catalog/kerrock_5194_granite_rhyolite.jpg',14,NULL,'Искусственный камень Kerrock Rhyolite 5194',NULL,NULL),(176,'Basalt 5195','/images/kerrock/catalog/kerrock_5195_granite_basalt.jpg',14,NULL,'Искусственный камень Kerrock Basalt 5195',NULL,NULL),(177,'Cryolite 5196','/images/kerrock/catalog/kerrock_5196_granite_cryolite.jpg',14,NULL,'Искусственный камень Kerrock Cryolite 5196',NULL,NULL),(178,'Merlot 522','/images/kerrock/catalog/kerrock_522_uni_merlot.jpg',12,NULL,'Искусственный камень Kerrock Merlot 522',NULL,NULL),(179,'Pistachio 601','/images/kerrock/catalog/kerrock_601_uni_pistachio.jpg',12,NULL,'Искусственный камень Kerrock Pistachio 601',NULL,NULL),(180,'Lime 605','/images/kerrock/catalog/kerrock_605_uni_lime.jpg',12,NULL,'Искусственный камень Kerrock Lime 605',NULL,NULL),(181,'Aquamarine 6091','/images/kerrock/catalog/kerrock_6091_granite_aquamarine.jpg',14,NULL,'Искусственный камень Kerrock Aquamarine 6091',NULL,NULL),(182,'Serpentinite 6093','/images/kerrock/catalog/kerrock_6093_granite_serpentinite.jpg',14,NULL,'Искусственный камень Kerrock Serpentinite 6093',NULL,NULL),(183,'Grassy Green 620','/images/kerrock/catalog/kerrock_620_uni_grassy_green.jpg',12,NULL,'Искусственный камень Kerrock Grassy Green 620',NULL,NULL),(184,'Summer Green 621','/images/kerrock/catalog/kerrock_621_uni_summer_green.jpg',12,NULL,'Искусственный камень Kerrock Summer Green 621',NULL,NULL),(185,'Deep Blue 703','/images/kerrock/catalog/kerrock_703_uni_deep_blue.jpg',12,NULL,'Искусственный камень Kerrock Deep Blue 703',NULL,NULL),(186,'Ocean 709','/images/kerrock/catalog/kerrock_709_uni_ocean.jpg',12,NULL,'Искусственный камень Kerrock Ocean 709',NULL,NULL),(187,'Midnight Sky','/images/kerrock/catalog/kerrock_710_uni_midnight_sky.jpg',12,NULL,'Искусственный камень Kerrock Midnight Sky',NULL,NULL),(188,'Smokey Blue','/images/kerrock/catalog/kerrock_717_uni_smokey_blue.jpg',12,NULL,'Искусственный камень Kerrock Smokey Blue',NULL,NULL),(189,'Strontianite 8101','/images/kerrock/catalog/kerrock_8101_luminaco_strontianite.jpg',15,NULL,'Искусственный камень Kerrock Strontianite 8101',NULL,NULL),(190,'Luxite 8102','/images/kerrock/catalog/kerrock_8102_luminaco_s_luxite.jpg',16,NULL,'Искусственный камень Kerrock Luxite 8102',NULL,NULL),(191,'Colemanite 8501','/images/kerrock/catalog/kerrock_8501_luminaco_colemanite.jpg',15,NULL,'Искусственный камень Kerrock Colemanite 8501',NULL,NULL),(192,'Coral Sand 8502','/images/kerrock/catalog/kerrock_8502_luminaco_s_coral_sand.jpg',16,NULL,'Искусственный камень Kerrock Coral Sand 8502',NULL,NULL),(193,'Arkose 8503','/images/kerrock/catalog/kerrock_8503_luminaco_s_arkose.jpg',16,NULL,'Искусственный камень Kerrock Arkose 8503',NULL,NULL),(194,'Opal Browny 8901','/images/kerrock/catalog/kerrock_8901_luminaco_s_opal_browny.jpg',16,NULL,'Искусственный камень Kerrock Opal Browny 8901',NULL,NULL),(195,'Misty Grey 900','/images/kerrock/catalog/kerrock_900_uni_misty_grey.jpg',12,NULL,'Искусственный камень Kerrock Misty Grey 900',NULL,NULL),(196,'Hedenbergit 9011','/images/kerrock/catalog/kerrock_9011_granite_hedenbergit.jpg',14,NULL,'Искусственный камень Kerrock Hedenbergit 9011',NULL,NULL),(197,'Stardust 9017','/images/kerrock/catalog/kerrock_9017_granite_stardust.jpg',14,NULL,'Искусственный камень Kerrock Stardust 9017',NULL,NULL),(198,'Ash Grey 901','/images/kerrock/catalog/kerrock_901_uni_ash_grey.jpg',12,NULL,'Искусственный камень Kerrock Ash Grey 901',NULL,NULL),(199,'Obsidian 9050','/images/kerrock/catalog/kerrock_9050_teraco_obsidian.jpg',13,NULL,'Искусственный камень Kerrock Obsidian 9050',NULL,NULL),(200,'Rolling Stone 9057','/images/kerrock/catalog/kerrock_9057_teraco_rolling_stone.jpg',13,NULL,'Искусственный камень Kerrock Rolling Stone 9057',NULL,NULL),(201,'Graphite 9070','/images/kerrock/catalog/kerrock_9070_granite_graphite.jpg',14,NULL,'Искусственный камень Kerrock Graphite 9070',NULL,NULL),(202,'Kyanite 9081','/images/kerrock/catalog/kerrock_9081_granite_kyanite.jpg',14,NULL,'Искусственный камень Kerrock Kyanite 9081',NULL,NULL),(203,'Leucite 9082','/images/kerrock/catalog/kerrock_9082_granite_leucite.jpg',14,NULL,'Искусственный камень Kerrock Leucite 9082',NULL,NULL),(204,'Harmotom 9092','/images/kerrock/catalog/kerrock_9092_granite_harmotom.jpg',14,NULL,'Искусственный камень Kerrock Harmotom 9092',NULL,NULL),(205,'Molibdenite 9095','/images/kerrock/catalog/kerrock_9095_granite_molibdenite.jpg',14,NULL,'Искусственный камень Kerrock Molibdenite 9095',NULL,NULL),(206,'Onyx 9099','/images/kerrock/catalog/kerrock_9099_granite_onyx.jpg',14,NULL,'Искусственный камень Kerrock Onyx 9099',NULL,NULL),(207,'Black 909','/images/kerrock/catalog/kerrock_909_uni_black.jpg',12,NULL,'Искусственный камень Kerrock Black 909',NULL,NULL),(208,'Gypsum 921','/images/kerrock/catalog/kerrock_921_uni_gypsum.jpg',12,NULL,'Искусственный камень Kerrock Gypsum 921',NULL,NULL),(209,'Water Stone 922','/images/kerrock/catalog/kerrock_922_uni_water_stone.jpg',12,NULL,'Искусственный камень Kerrock Water Stone 922',NULL,NULL),(210,'Charcoal 923','/images/kerrock/catalog/kerrock_923_uni_charcoal.jpg',12,NULL,'Искусственный камень Kerrock Charcoal 923',NULL,NULL),(211,'Beigeing 924','/images/kerrock/catalog/kerrock_924_uni_beigeing.jpg',12,NULL,'Искусственный камень Kerrock Beigeing 924',NULL,NULL),(212,'Marble Diaspore M1060','/images/kerrock/catalog/kerrock_M1060_marble_diaspore.jpg',17,NULL,'Искусственный камень Kerrock Marble Diaspore M1060',NULL,NULL),(213,'Achondrite M5078','/images/kerrock/catalog/kerrock_M5078_marble_achondrite.jpg',17,NULL,'Искусственный камень Kerrock Achondrite M5078',NULL,NULL),(214,'Glaucophane M6060','/images/kerrock/catalog/kerrock_M6060_marble_glaucophane.jpg',17,NULL,'Искусственный камень Kerrock Glaucophane M6060',NULL,NULL),(215,'T001 Black Hole','/images/lg_hi_macs/catalog/lg_hi_macs_galaxy_t001_black_hole.jpg',18,NULL,'Искусственный камень LG Hi Macs T001 Black Hole',7,5),(216,'T002 Uranus','/images/lg_hi_macs/catalog/lg_hi_macs_galaxy_t002_uranus.jpg',18,NULL,'Искусственный камень LG Hi Macs T002 Uranus',7,3),(217,'T004 Saturn','/images/lg_hi_macs/catalog/lg_hi_macs_galaxy_t004_saturn.jpg',18,NULL,'Искусственный камень LG Hi Macs T004 Saturn',7,4),(218,'T006 Comet','/images/lg_hi_macs/catalog/lg_hi_macs_galaxy_t006_comet.jpg',18,NULL,'Искусственный камень LG Hi Macs T006 Comet',7,3),(219,'T008 Jupiter','/images/lg_hi_macs/catalog/lg_hi_macs_galaxy_t008_jupiter.jpg',18,NULL,'Искусственный камень LG Hi Macs T008 Jupiter',7,4),(220,'T010 Nebula','/images/lg_hi_macs/catalog/lg_hi_macs_galaxy_t010_nebula.jpg',18,NULL,'Искусственный камень LG Hi Macs T010 Nebula',7,1),(221,'T011 Venus','/images/lg_hi_macs/catalog/lg_hi_macs_galaxy_t011_venus.jpg',18,NULL,'Искусственный камень LG Hi Macs T011 Venus',7,2),(222,'T013 Pluto','/images/lg_hi_macs/catalog/lg_hi_macs_galaxy_t013_pluto.jpg',18,NULL,'Искусственный камень LG Hi Macs T013 Pluto',7,11),(223,'T016 Mars','/images/lg_hi_macs/catalog/lg_hi_macs_galaxy_t016_mars.jpg',18,NULL,'Искусственный камень LG Hi Macs T016 Mars',7,3),(224,'T017 Andromeda','/images/lg_hi_macs/catalog/lg_hi_macs_galaxy_t017_andromeda.jpg',18,NULL,'Искусственный камень LG Hi Macs T017 Andromeda',7,1),(225,'T024 Spica','/images/lg_hi_macs/catalog/lg_hi_macs_galaxy_t024_spica.jpg',18,NULL,'Искусственный камень LG Hi Macs T024 Spica',7,1),(226,'G007 Platinum Granite','/images/lg_hi_macs/catalog/lg_hi_macs_granite_g007_platinum_granite.jpg',22,NULL,'Искусственный камень LG Hi Macs G007 Platinum Granite',3,5),(227,'G034 Arctic Granite','/images/lg_hi_macs/catalog/lg_hi_macs_granite_g034_arctic_granite.jpg',22,NULL,'Искусственный камень LG Hi Macs G034 Arctic Granite',3,1),(228,'G074 Mocha Granite','/images/lg_hi_macs/catalog/lg_hi_macs_granite_g074_mocha_granite.jpg',22,NULL,'Искусственный камень LG Hi Macs G074 Mocha Granite',3,4),(229,'G100 Peanut Butter','/images/lg_hi_macs/catalog/lg_hi_macs_granite_g100_peanut_butter.jpg',22,NULL,'Искусственный камень LG Hi Macs G100 Peanut Butter',3,2),(230,'G109 Beige Island','/images/lg_hi_macs/catalog/lg_hi_macs_granite_g109_beige_island.jpg',22,NULL,'Искусственный камень LG Hi Macs G109 Beige Island',3,2),(231,'G110 Corona','/images/lg_hi_macs/catalog/lg_hi_macs_granite_g110_corona.jpg',22,NULL,'Искусственный камень LG Hi Macs G110 Corona',3,1),(232,'G111 Macchiato','/images/lg_hi_macs/catalog/lg_hi_macs_granite_g111_macchiato.jpg',22,NULL,'Искусственный камень LG Hi Macs G111 Macchiato',3,2),(233,'G112 Caramel','/images/lg_hi_macs/catalog/lg_hi_macs_granite_g112_caramel.jpg',22,NULL,'Искусственный камень LG Hi Macs G112 Caramel',3,2),(234,'G113 Iceberg','/images/lg_hi_macs/catalog/lg_hi_macs_granite_g113_iceberg.jpg',22,NULL,'Искусственный камень LG Hi Macs G113 Iceberg',3,1),(235,'G114 Clay','/images/lg_hi_macs/catalog/lg_hi_macs_granite_g114_clay.jpg',22,NULL,'Искусственный камень LG Hi Macs G114 Clay',3,5),(236,'G117 Cappuccino','/images/lg_hi_macs/catalog/lg_hi_macs_granite_g117_cappuccino.jpg',22,NULL,'Искусственный камень LG Hi Macs G117 Cappuccino',3,2),(237,'W001 Ice Queen','/images/lg_hi_macs/catalog/lg_hi_macs_lucia_w001_ice_queen.jpg',21,NULL,'Искусственный камень LG Hi Macs W001 Ice Queen',3,1),(238,'W002 Cloud','/images/lg_hi_macs/catalog/lg_hi_macs_lucia_w002_cloud.jpg',21,NULL,'Искусственный камень LG Hi Macs W002 Cloud',3,1),(239,'W003 Shadow Queen','/images/lg_hi_macs/catalog/lg_hi_macs_lucia_w003_shadow-queen.jpg',21,NULL,'Искусственный камень LG Hi Macs W003 Shadow Queen',3,5),(240,'W004 Star Queen','/images/lg_hi_macs/catalog/lg_hi_macs_lucia_w004_star_queen.jpg',21,NULL,'Искусственный камень LG Hi Macs W004 Star Queen',3,11),(241,'W006 Macadamia','/images/lg_hi_macs/catalog/lg_hi_macs_lucia_w006_macadamia.jpg',21,NULL,'Искусственный камень LG Hi Macs W006 Macadamia',3,2),(242,'W008 Acorn','/images/lg_hi_macs/catalog/lg_hi_macs_lucia_w008_acorn.jpg',21,NULL,'Искусственный камень LG Hi Macs W008 Acorn',3,3),(243,'W010 Red Quinoa','/images/lg_hi_macs/catalog/lg_hi_macs_lucia_w010_red_quinoa.jpg',21,NULL,'Искусственный камень LG Hi Macs W010 Red Quinoa',3,4),(244,'S302 Opal','/images/lg_hi_macs/catalog/lg_hi_macs_lusent_s302_opal.jpg',26,NULL,'Искусственный камень LG Hi Macs S302 Opal',4,1),(245,'S303 Sapphire','/images/lg_hi_macs/catalog/lg_hi_macs_lusent_s303_sapphire.jpg',26,NULL,'Искусственный камень LG Hi Macs S303 Sapphire',4,9),(246,'M103 Bologna','/images/lg_hi_macs/catalog/lg_hi_macs_marmo_m103_bologna.jpg',19,NULL,'Искусственный камень LG Hi Macs M103 Bologna',6,2),(247,'M201 Terni','/images/lg_hi_macs/catalog/lg_hi_macs_marmo_m201_terni.jpg',19,NULL,'Искусственный камень LG Hi Macs M201 Terni',6,4),(248,'Lucca M203','/images/lg_hi_macs/catalog/lg_hi_macs_marmo_m203_lucca.jpg',19,NULL,'Искусственный камень LG Hi Macs Lucca M203',6,4),(249,'M204 Bergamo','/images/lg_hi_macs/catalog/lg_hi_macs_marmo_m204_bergamo.jpg',19,NULL,'Искусственный камень LG Hi Macs M204 Bergamo',6,4),(250,'M205 Parma','/images/lg_hi_macs/catalog/lg_hi_macs_marmo_m205_parma.jpg',19,NULL,'Искусственный камень LG Hi Macs M205 Parma',6,4),(251,'M206 Monza','/images/lg_hi_macs/catalog/lg_hi_macs_marmo_m206_monza.jpg',19,NULL,'Искусственный камень LG Hi Macs M206 Monza',6,11),(252,'M207 Pisa','/images/lg_hi_macs/catalog/lg_hi_macs_marmo_m207_pisa.jpg',19,NULL,'Искусственный камень LG Hi Macs M207 Pisa',6,4),(253,'M301 Siena','/images/lg_hi_macs/catalog/lg_hi_macs_marmo_m301_siena.jpg',19,NULL,'Искусственный камень LG Hi Macs M301 Siena',6,4),(254,'M302 Pompei','/images/lg_hi_macs/catalog/lg_hi_macs_marmo_m302_pompei.jpg',19,NULL,'Искусственный камень LG Hi Macs M302 Pompei',6,4),(255,'M303 Capri','/images/lg_hi_macs/catalog/lg_hi_macs_marmo_m303_capri.jpg',19,NULL,'Искусственный камень LG Hi Macs M303 Capri',7,5),(256,'M304 Bari','/images/lg_hi_macs/catalog/lg_hi_macs_marmo_m304_bari.jpg',19,NULL,'Искусственный камень LG Hi Macs M304 Bari',6,4),(257,'M305 Modena','/images/lg_hi_macs/catalog/lg_hi_macs_marmo_m305_modena.jpg',19,NULL,'Искусственный камень LG Hi Macs M305 Modena',6,4),(258,'M306 Breeze','/images/lg_hi_macs/catalog/lg_hi_macs_marmo_m306_breeze.jpg',19,NULL,'Искусственный камень LG Hi Macs M306 Breeze',6,1),(259,'M307 Mist','/images/lg_hi_macs/catalog/lg_hi_macs_marmo_m307_mist.jpg',19,NULL,'Искусственный камень LG Hi Macs M307 Mist',6,1),(260,'M308 Haze','/images/lg_hi_macs/catalog/lg_hi_macs_marmo_m308_haze.jpg',19,NULL,'Искусственный камень LG Hi Macs M308 Haze',6,5),(261,'M322 Pantheon','/images/lg_hi_macs/catalog/lg_hi_macs_marmo_m322_pantheon.jpg',19,NULL,'Искусственный камень LG Hi Macs M322 Pantheon',6,5),(262,'M323 Colosseum','/images/lg_hi_macs/catalog/lg_hi_macs_marmo_m323_colosseum.jpg',19,NULL,'Искусственный камень LG Hi Macs M323 Colosseum',6,5),(263,'M351 Milan','/images/lg_hi_macs/catalog/lg_hi_macs_marmo_m351_milan.jpg',19,NULL,'Искусственный камень LG Hi Macs M351 Milan',6,1),(264,'M352 Vernazza','/images/lg_hi_macs/catalog/lg_hi_macs_marmo_m352_vernazza.jpg',19,NULL,'Искусственный камень LG Hi Macs M352 Vernazza',6,5),(265,'M411 Messina','/images/lg_hi_macs/catalog/lg_hi_macs_marmo_m411_messina.jpg',19,NULL,'Искусственный камень LG Hi Macs M411 Messina',6,4),(266,'M412 Foggia','/images/lg_hi_macs/catalog/lg_hi_macs_marmo_m412_foggia.jpg',19,NULL,'Искусственный камень LG Hi Macs M412 Foggia',6,5),(267,'M401 Veladero','/images/lg_hi_macs/catalog/lg_hi_macs_midas_m401_veladero.jpg',19,NULL,'Искусственный камень LG Hi Macs M401 Veladero',6,4),(268,'M402 Goldstrike','/images/lg_hi_macs/catalog/lg_hi_macs_midas_m402_goldstrike.jpg',19,NULL,'Искусственный камень LG Hi Macs M402 Goldstrike',6,4),(269,'M403 Cortez','/images/lg_hi_macs/catalog/lg_hi_macs_midas_m403_cortez.jpg',19,NULL,'Искусственный камень LG Hi Macs M403 Cortez',6,5),(270,'G010 Black Pearl','/images/lg_hi_macs/catalog/lg_hi_macs_pearl_g010_black_pearl.jpg',23,NULL,'Искусственный камень LG Hi Macs G010 Black Pearl',2,11),(271,'G050 Tapioca Pearl','/images/lg_hi_macs/catalog/lg_hi_macs_pearl_g050_tapioca_pearl.jpg',23,NULL,'Искусственный камень LG Hi Macs G050 Tapioca Pearl',2,1),(272,'P001 Perna White','/images/lg_hi_macs/catalog/lg_hi_macs_perna_p001_perna_white.jpg',24,NULL,'Искусственный камень LG Hi Macs P001 Perna White',5,1),(273,'P001 Perna Black','/images/lg_hi_macs/catalog/lg_hi_macs_perna_p004_perna_black.jpg',24,NULL,'Искусственный камень LG Hi Macs P001 Perna Black',5,11),(274,'G004 White Quartz','/images/lg_hi_macs/catalog/lg_hi_macs_quartz_g004__white-quartz.jpg',22,NULL,'Искусственный камень LG Hi Macs G004 White Quartz',3,1),(275,'G019 Natural Quartz','/images/lg_hi_macs/catalog/lg_hi_macs_quartz_g019__naturl_quartz.jpg',22,NULL,'Искусственный камень LG Hi Macs G019 Natural Quartz',3,3),(276,'G030 Ivory Quartz','/images/lg_hi_macs/catalog/lg_hi_macs_quartz_g030__ivory_quartz.jpg',22,NULL,'Искусственный камень LG Hi Macs G030 Ivory Quartz',3,3),(277,'G038 Sea Oat Quartz','/images/lg_hi_macs/catalog/lg_hi_macs_quartz_g038_sea_oat_quartz.jpg',22,NULL,'Искусственный камень LG Hi Macs G038 Sea Oat Quartz',3,2),(278,'G058 Moonscape Quartz','/images/lg_hi_macs/catalog/lg_hi_macs_quartz_g058_moonscape_quartz.jpg',22,NULL,'Искусственный камень LG Hi Macs G058 Moonscape Quartz',3,2),(279,'G063 Allspice','/images/lg_hi_macs/catalog/lg_hi_macs_quartz_g063_allspice_quartz.jpg',22,NULL,'Искусственный камень LG Hi Macs G063 Allspice',3,4),(280,'G101 Crystal Beige','/images/lg_hi_macs/catalog/lg_hi_macs_quartz_g101_crystal_beige.jpg',22,NULL,'Искусственный камень LG Hi Macs G101 Crystal Beige',3,2),(281,'G001 Desert Sand','/images/lg_hi_macs/catalog/lg_hi_macs_sand_g001_desert_sand.jpg',23,NULL,'Искусственный камень LG Hi Macs G001 Desert Sand',2,3),(282,'G001 Gray Sand','/images/lg_hi_macs/catalog/lg_hi_macs_sand_g001_gray_sand.jpg',23,NULL,'Искусственный камень LG Hi Macs G001 Gray Sand',2,5),(283,'G042 Venetion Sand','/images/lg_hi_macs/catalog/lg_hi_macs_sand_g042_venetian_sand.jpg',23,NULL,'Искусственный камень LG Hi Macs G042 Venetion Sand',2,4),(284,'G048 Beach Sand','/images/lg_hi_macs/catalog/lg_hi_macs_sand_g048_beach_sand.jpg',23,NULL,'Искусственный камень LG Hi Macs G048 Beach Sand',2,3),(285,'S005 Grey','/images/lg_hi_macs/catalog/lg_hi_macs_solid_s005_grey.jpg',25,NULL,'Искусственный камень LG Hi Macs S005 Grey',1,5),(286,'S006 Arctic White','/images/lg_hi_macs/catalog/lg_hi_macs_solid_s006_arctic_white.jpg',25,NULL,'Искусственный камень LG Hi Macs S006 Arctic White',1,1),(287,'S009 Cream','/images/lg_hi_macs/catalog/lg_hi_macs_solid_s009_cream.jpg',25,NULL,'Искусственный камень LG Hi Macs S009 Cream',1,2),(288,'S022 Black','/images/lg_hi_macs/catalog/lg_hi_macs_solid_s022_black.jpg',25,NULL,'Искусственный камень LG Hi Macs S022 Black',1,11),(289,'S025 Fiery Red','/images/lg_hi_macs/catalog/lg_hi_macs_solid_s025_fiery_red.jpg',25,NULL,'Искусственный камень LG Hi Macs S025 Fiery Red',1,6),(290,'S026 Banana','/images/lg_hi_macs/catalog/lg_hi_macs_solid_s026_banana.jpg',25,NULL,'Искусственный камень LG Hi Macs S026 Banana',1,8),(291,'S028 Alpine White','/images/lg_hi_macs/catalog/lg_hi_macs_solid_s028_alpine_white.jpg',25,NULL,'Искусственный камень LG Hi Macs S028 Alpine White',1,1),(292,'S034 Diamond White','/images/lg_hi_macs/catalog/lg_hi_macs_solid_s034_diamond_white.jpg',25,NULL,'Искусственный камень LG Hi Macs S034 Diamond White',1,1),(293,'S104 Toffee Brown','/images/lg_hi_macs/catalog/lg_hi_macs_solid_s104_toffee_brown.jpg',25,NULL,'Искусственный камень LG Hi Macs S104 Toffee Brown',1,4),(294,'S105 Florida Orange','/images/lg_hi_macs/catalog/lg_hi_macs_solid_s105_florida_orange.jpg',25,NULL,'Искусственный камень LG Hi Macs S105 Florida Orange',1,10),(295,'S107 Mazarine Blue','/images/lg_hi_macs/catalog/lg_hi_macs_solid_s107_mazarin_blue.jpg',25,NULL,'Искусственный камень LG Hi Macs S107 Mazarine Blue',1,9),(296,'S201 Nougat Cream','/images/lg_hi_macs/catalog/lg_hi_macs_solid_s201_nougat_cream.jpg',25,NULL,'Искусственный камень LG Hi Macs S201 Nougat Cream',1,2),(297,'P101 Kreemy Grey','/images/lg_hi_macs/catalog/lg_hi_macs_sparkle%20_p101_kreemy_grey.jpg',24,NULL,'Искусственный камень LG Hi Macs P101 Kreemy Grey',5,5),(298,'P103 Kandy Pink','/images/lg_hi_macs/catalog/lg_hi_macs_sparkle%20_p103_kandy_pink.jpg',24,NULL,'Искусственный камень LG Hi Macs P103 Kandy Pink',5,6),(299,'P105 Kandy Kopp','/images/lg_hi_macs/catalog/lg_hi_macs_sparkle%20_p105_kandy_kopp.jpg',24,NULL,'Искусственный камень LG Hi Macs P105 Kandy Kopp',5,4),(300,'V030 Telica','/images/lg_hi_macs/catalog/lg_hi_macs_volcanics_v03_telica.jpg',20,NULL,'Искусственный камень LG Hi Macs V030 Telica',8,3),(301,'VA01 Santa Anna','/images/lg_hi_macs/catalog/lg_hi_macs_volcanics_va01_santa_ana.jpg',20,NULL,'Искусственный камень LG Hi Macs VA01 Santa Anna',8,5),(302,'VB01 Merapi','/images/lg_hi_macs/catalog/lg_hi_macs_volcanics_vb01_merapi.jpg',20,NULL,'Искусственный камень LG Hi Macs VB01 Merapi',8,5),(303,'VB21 Taos','/images/lg_hi_macs/catalog/lg_hi_macs_volcanics_vb21_taos.jpg',20,NULL,'Искусственный камень LG Hi Macs VB21 Taos',8,4),(304,'VE01 Tambora','/images/lg_hi_macs/catalog/lg_hi_macs_volcanics_ve01_tambora.jpg',20,NULL,'Искусственный камень LG Hi Macs VE01 Tambora',8,2),(305,'VE02 Mikeno','/images/lg_hi_macs/catalog/lg_hi_macs_volcanics_ve02_mikeno.jpg',20,NULL,'Искусственный камень LG Hi Macs VE02 Mikeno',8,3),(306,'VE04 Maroa','/images/lg_hi_macs/catalog/lg_hi_macs_volcanics_ve04_maroa.jpg',20,NULL,'Искусственный камень LG Hi Macs VE04 Maroa',8,2),(307,'VE21 Lattetude','/images/lg_hi_macs/catalog/lg_hi_macs_volcanics_ve21_lattetude.jpg',20,NULL,'Искусственный камень LG Hi Macs VE21 Lattetude',8,2),(308,'VE26 Shasta','/images/lg_hi_macs/catalog/lg_hi_macs_volcanics_ve26_shasta.jpg',20,NULL,'Искусственный камень LG Hi Macs VE26 Shasta',8,3),(309,'VL21 Santorini','/images/lg_hi_macs/catalog/lg_hi_macs_volcanics_vl21_santorini.jpg',20,NULL,'Искусственный камень LG Hi Macs VL21 Santorini',8,9),(310,'VN24 Kohala','/images/lg_hi_macs/catalog/lg_hi_macs_volcanics_vn24_kohala.jpg',20,NULL,'Искусственный камень LG Hi Macs VN24 Kohala',8,4),(311,'VR21 Stellar','/images/lg_hi_macs/catalog/lg_hi_macs_volcanics_vr21_stellar.jpg',20,NULL,'Искусственный камень LG Hi Macs VR21 Stellar',8,4),(312,'VW01 Gemeni','/images/lg_hi_macs/catalog/lg_hi_macs_volcanics_vw01_gemini.jpg',20,NULL,'Искусственный камень LG Hi Macs VW01 Gemeni',8,1),(313,'Glacier White(0)','/images/corian/catalog/corian_0_glacier_white.jpg',27,NULL,'Искусственный камень Corian Glacier White(0)',1,1),(314,'Athena Gray (1)','/images/corian/catalog/corian_1_athena_gray.jpg',27,NULL,'Искусственный камень Corian Athena Gray (1)',1,5),(315,'Bisque (1)','/images/corian/catalog/corian_1_bisque.jpg',27,NULL,'Искусственный камень Corian Bisque (1)',1,2),(316,'Blueberry Ice (1)','/images/corian/catalog/corian_1_blueberry_ice.jpg',27,NULL,'Искусственный камень Corian Blueberry Ice (1)',4,9),(317,'Bone (1)','/images/corian/catalog/corian_1_bone.jpg',27,NULL,'Искусственный камень Corian Bone (1)',1,2),(318,'Cameo White (1)','/images/corian/catalog/corian_1_cameo_white.jpg',27,NULL,'Искусственный камень Corian Cameo White (1)',1,1),(319,'Clay (2)','/images/corian/catalog/corian_1_clay.jpg',28,NULL,'Искусственный камень Corian Clay (2)',1,5),(320,'Disigner White (1)','/images/corian/catalog/corian_1_designer_white.jpg',27,NULL,'Искусственный камень Corian Disigner White (1)',1,1),(321,'Distinct Tan (1)','/images/corian/catalog/corian_1_distinct_tan.jpg',27,NULL,'Искусственный камень Corian Distinct Tan (1)',1,5),(322,'Elegant Gray (1)','/images/corian/catalog/corian_1_elegant_gray.jpg',27,NULL,'Искусственный камень Corian Elegant Gray (1)',1,5),(323,'Ethereal Azure (1)','/images/corian/catalog/corian_1_ethereal_azure.jpg',27,NULL,'Искусственный камень Corian Ethereal Azure (1)',1,9),(324,'Glasier Ice (1)','/images/corian/catalog/corian_1_glacier_ice.jpg',27,NULL,'Искусственный камень Corian Glasier Ice (1)',4,1),(325,'Ice White (1)','/images/corian/catalog/corian_1_ice_white.jpg',27,NULL,'Искусственный камень Corian Ice White (1)',1,1),(326,'Light Ash (1)','/images/corian/catalog/corian_1_light-ash.jpg',27,NULL,'Искусственный камень Corian Light Ash (1)',1,1),(327,'Lime Ice (1)','/images/corian/catalog/corian_1_lime_ice.jpg',27,NULL,'Искусственный камень Corian Lime Ice (1)',4,7),(328,'Mint Ice (1)','/images/corian/catalog/corian_1_mint_ice.jpg',27,NULL,'Искусственный камень Corian Mint Ice (1)',4,9),(329,'Noble Ecru (1)','/images/corian/catalog/corian_1_noble_ecru.jpg',27,NULL,'Искусственный камень Corian Noble Ecru (1)',1,7),(330,'Pearl Grey (1)','/images/corian/catalog/corian_1_pearl_gray.jpg',27,NULL,'Искусственный камень Corian Pearl Grey (1)',1,5),(331,'Private Gray (1)','/images/corian/catalog/corian_1_private_gray.jpg',27,NULL,'Искусственный камень Corian Private Gray (1)',1,5),(332,'Sand (2)','/images/corian/catalog/corian_1_sand.jpg',28,NULL,'Искусственный камень Corian Sand (2)',1,3),(333,'Sea Grass (1)','/images/corian/catalog/corian_1_sea_grass.jpg',27,NULL,'Искусственный камень Corian Sea Grass (1)',1,5),(334,'Silver Gray (1)','/images/corian/catalog/corian_1_silver_gray.jpg',27,NULL,'Искусственный камень Corian Silver Gray (1)',1,5),(335,'Absolute Beige (2)','/images/corian/catalog/corian_2_absolute_beige.jpg',28,NULL,'Искусственный камень Corian Absolute Beige (2)',1,3),(336,'Aqua (2)','/images/corian/catalog/corian_2_aqua.jpg',28,NULL,'Искусственный камень Corian Aqua (2)',2,9),(337,'Aurora (2)','/images/corian/catalog/corian_2_aurora.jpg',28,NULL,'Искусственный камень Corian Aurora (2)',2,3),(338,'Beryl Blue (2)','/images/corian/catalog/corian_2_beryl_blue.jpg',28,NULL,'Искусственный камень Corian Beryl Blue (2)',1,9),(339,'Blooming Green (2)','/images/corian/catalog/corian_2_blooming_green.jpg',28,NULL,'Искусственный камень Corian Blooming Green (2)',1,7),(340,'Aubergine (2)','/images/corian/catalog/corian_2_chic_aubergine.jpg',28,NULL,'Искусственный камень Corian Aubergine (2)',1,6),(341,'Citrus Orange (2)','/images/corian/catalog/corian_2_citrus_orange.jpg',28,NULL,'Искусственный камень Corian Citrus Orange (2)',1,10),(342,'Coffee Bean (2)','/images/corian/catalog/corian_2_coffee_bean.jpg',28,NULL,'Искусственный камень Corian Coffee Bean (2)',1,4),(343,'Deep Mink (2)','/images/corian/catalog/corian_2_deep-mink.jpg',28,NULL,'Искусственный камень Corian Deep Mink (2)',2,4),(344,'Deep Caviar (2)','/images/corian/catalog/corian_2_deep_caviar.jpg',28,NULL,'Искусственный камень Corian Deep Caviar (2)',2,11),(345,'Deep Espresso (2)','/images/corian/catalog/corian_2_deep_espresso.jpg',28,NULL,'Искусственный камень Corian Deep Espresso (2)',1,4),(346,'Deep Cray (2)','/images/corian/catalog/corian_2_deep_gray.jpg',28,NULL,'Искусственный камень Corian Deep Cray (2)',1,5),(347,'Deep Nocturne (2)','/images/corian/catalog/corian_2_deep_nocturne.jpg',28,NULL,'Искусственный камень Corian Deep Nocturne (2)',1,11),(348,'Deep Sable (2)','/images/corian/catalog/corian_2_deep_sable.jpg',28,NULL,'Искусственный камень Corian Deep Sable (2)',1,4),(349,'Diamond Blue (2)','/images/corian/catalog/corian_2_diamond_blue.jpg',28,NULL,'Искусственный камень Corian Diamond Blue (2)',1,9),(350,'Dove (2)','/images/corian/catalog/corian_2_dove.jpg',28,NULL,'Искусственный камень Corian Dove (2)',2,5),(351,'Dusk (2)','/images/corian/catalog/corian_2_dusk.jpg',28,NULL,'Искусственный камень Corian Dusk (2)',2,5),(352,'Eclipse (2)','/images/corian/catalog/corian_2_eclipse.jpg',28,NULL,'Искусственный камень Corian Eclipse (2)',2,5),(353,'Grand Brown (2)','/images/corian/catalog/corian_2_grand_brown.jpg',28,NULL,'Искусственный камень Corian Grand Brown (2)',1,4),(354,'Grape Green (2)','/images/corian/catalog/corian_2_grape_green.jpg',28,NULL,'Искусственный камень Corian Grape Green (2)',1,7),(355,'Hot (2)','/images/corian/catalog/corian_2_hot.jpg',28,NULL,'Искусственный камень Corian Hot (2)',1,6),(356,'Imperial Yellow (2)','/images/corian/catalog/corian_2_imperial_yellow.jpg',28,NULL,'Искусственный камень Corian Imperial Yellow (2)',1,8),(357,'Linen (2)','/images/corian/catalog/corian_2_linen.jpg',28,NULL,'Искусственный камень Corian Linen (2)',2,2),(358,'Linen (2)','/images/corian/catalog/corian_2_linen.jpg',28,NULL,'Искусственный камень Corian Linen (2)',2,2),(359,'Medea (2)','/images/corian/catalog/corian_2_medea.jpg',28,NULL,'Искусственный камень Corian Medea (2)',2,5),(360,'Midnight (2)','/images/corian/catalog/corian_2_midnight.jpg',28,NULL,'Искусственный камень Corian Midnight (2)',2,5),(361,'Mojave (2)','/images/corian/catalog/corian_2_mojave.jpg',28,NULL,'Искусственный камень Corian Mojave (2)',2,3),(362,'Nocturne (2)','/images/corian/catalog/corian_2_nocturne.jpg',28,NULL,'Искусственный камень Corian Nocturne (2)',1,11),(363,'Raffia (2)','/images/corian/catalog/corian_2_raffia.jpg',28,NULL,'Искусственный камень Corian Raffia (2)',2,3),(364,'Royal Red (2)','/images/corian/catalog/corian_2_royal_red.jpg',28,NULL,'Искусственный камень Corian Royal Red (2)',1,6),(365,'Sandstone (2)','/images/corian/catalog/corian_2_sandstone.jpg',28,NULL,'Искусственный камень Corian Sandstone (2)',2,4),(366,'Shale (2)','/images/corian/catalog/corian_2_shale.jpg',28,NULL,'Искусственный камень Corian Shale (2)',2,4),(367,'Sienna Brown (2)','/images/corian/catalog/corian_2_sienna_brown.jpg',28,NULL,'Искусственный камень Corian Sienna Brown (2)',2,4),(368,'Silt (2)','/images/corian/catalog/corian_2_silt.jpg',28,NULL,'Искусственный камень Corian Silt (2)',2,4),(369,'Venaro White (2)','/images/corian/catalog/corian_2_venaro_white.jpg',28,NULL,'Искусственный камень Corian Venaro White (2)',6,1),(370,'Warm Grey (2)','/images/corian/catalog/corian_2_warm_gray.jpg',28,NULL,'Искусственный камень Corian Warm Grey (2)',2,5),(371,'Warm Gray (2)','/images/corian/catalog/corian_2_warm_gray.jpg',28,NULL,'Искусственный камень Corian Warm Gray (2)',2,5),(372,'White Jasmine (2)','/images/corian/catalog/corian_2_white_jasmine.jpg',28,NULL,'Искусственный камень Corian White Jasmine (2)',2,1),(373,'Deep Anthracite (3)','/images/corian/catalog/corian_3_deep_anthracite.jpg',29,NULL,'Искусственный камень Corian Deep Anthracite (3)',5,11),(374,'Abalone (3)','/images/corian/catalog/corian_3_abalone.jpg',29,NULL,'Искусственный камень Corian',3,2),(375,'Anthracite (3)','/images/corian/catalog/corian_3_anthracite.jpg',29,NULL,'Искусственный камень Corian Anthracite (3)',5,11),(376,'Black Quartz (3)','/images/corian/catalog/corian_3_black_quartz.jpg',29,NULL,'Искусственный камень Corian Black Quartz (3)',2,11),(377,'Canyon (3)','/images/corian/catalog/corian_3_canyon.jpg',29,NULL,'Искусственный камень Corian Canyon (3)',2,4),(378,'Bedrock (3)','/images/corian/catalog/corian_3_deep_bedrock.jpg',29,NULL,'Искусственный камень Corian Bedrock (3)',3,4),(379,'Deep Black Quartz (3)','/images/corian/catalog/corian_3_deep_black_quartz.jpg',29,NULL,'Искусственный камень Corian Deep Black Quartz (3)',2,11),(380,'Deep Storm (3)','/images/corian/catalog/corian_3_deep_storm.jpg',29,NULL,'Искусственный камень Corian Deep Storm (3)',3,4),(381,'Everest (3)','/images/corian/catalog/corian_3_everest.jpg',29,NULL,'Искусственный камень Corian Everest (3)',3,1),(382,'Matterhorn (3)','/images/corian/catalog/corian_3_matterhorn.jpg',29,NULL,'Искусственный камень Corian Matterhorn (3)',3,4),(383,'Mont Blanc (3)','/images/corian/catalog/corian_3_mont_blanc.jpg',29,NULL,'Искусственный камень Corian Mont Blanc (3)',3,5),(384,'Night Sky (3)','/images/corian/catalog/corian_3_night_sky.jpg',29,NULL,'Искусственный камень Corian Night Sky (3)',3,11),(385,'Silverite (3)','/images/corian/catalog/corian_3_silverite.jpg',29,NULL,'Искусственный камень Corian Silverite (3)',5,5),(386,'Antarctica (4)','/images/corian/catalog/corian_4_antarctica.jpg',30,NULL,'Искусственный камень Corian Antarctica (4)',3,1),(387,'Arrowroot (4)','/images/corian/catalog/corian_4_arrowroot.jpg',30,NULL,'Искусственный камень Corian Arrowroot (4)',6,5),(388,'Arctic Ice (4)','/images/corian/catalog/corian_4_artic_ice.jpg',30,NULL,'Искусственный камень Corian Arctic Ice (4)',4,1),(389,'Aztec Gold (4)','/images/corian/catalog/corian_4_aztec_gold.jpg',30,NULL,'Искусственный камень Corian Aztec Gold (4)',6,8),(390,'Beige Earth (4)','/images/corian/catalog/corian_4_beige_earth.jpg',30,NULL,'Искусственный камень Corian Beige Earth (4)',6,4),(391,'Beige Fieldstone (4)','/images/corian/catalog/corian_4_beige_fieldstone.jpg',30,NULL,'Искусственный камень Corian Beige Fieldstone (4)',3,3),(392,'Burled Beach (4)','/images/corian/catalog/corian_4_burled_beach.jpg',30,NULL,'Искусственный камень Corian Burled Beach (4)',6,3),(393,'Clam Shell (4)','/images/corian/catalog/corian_4_clam_shell.jpg',30,NULL,'Искусственный камень Corian Clam Shell (4)',6,2),(394,'Cocoa Brown (4)','/images/corian/catalog/corian_4_cocoa_brown.jpg',30,NULL,'Искусственный камень Corian Cocoa Brown (4)',3,4),(395,'Deep Night Sky (3)','/images/corian/catalog/corian_4_deep_night_sky.jpg',29,NULL,'Искусственный камень Corian Deep Night Sky (3)',3,11),(396,'Ecru (4)','/images/corian/catalog/corian_4_ecru.jpg',30,NULL,'Искусственный камень Corian Ecru (4)',6,1),(397,'Fossil (4)','/images/corian/catalog/corian_4_fossil.jpg',30,NULL,'Искусственный камень Corian Fossil (4)',4,3),(398,'Gravel (4)','/images/corian/catalog/corian_4_gravel.jpg',30,NULL,'Искусственный камень Corian Gravel (4)',3,11),(399,'Hazelnut (4)','/images/corian/catalog/corian_4_hazelnut.jpg',30,NULL,'Искусственный камень Corian Hazelnut (4)',6,5),(400,'Juniper (4)','/images/corian/catalog/corian_4_juniper.jpg',30,NULL,'Искусственный камень Corian Juniper (4)',6,9),(401,'Lava Rock (4)','/images/corian/catalog/corian_4_lava_rock.jpg',30,NULL,'Искусственный камень Corian Lava Rock (4)',6,5),(402,'Platinum (4)','/images/corian/catalog/corian_4_platinum.jpg',30,NULL,'Искусственный камень Corian Platinum (4)',3,5),(403,'Rosemary (4)','/images/corian/catalog/corian_4_rosemary.jpg',30,NULL,'Искусственный камень Corian Rosemary (4)',6,7),(404,'Sagebrush (4)','/images/corian/catalog/corian_4_sagebrush.jpg',30,NULL,'Искусственный камень Corian Sagebrush (4)',6,3),(405,'Sahara (4)','/images/corian/catalog/corian_4_sahara.jpg',30,NULL,'Искусственный камень Corian Sahara (4)',3,3),(406,'Sandalwood (4)','/images/corian/catalog/corian_4_sandalwood.jpg',30,NULL,'Искусственный камень Corian Sandalwood (4)',6,3),(407,'Savanah (4)','/images/corian/catalog/corian_4_savannah.jpg',30,NULL,'Искусственный камень Corian Savanah (4)',3,2),(408,'Seashell (4)','/images/corian/catalog/corian_4_seashell.jpg',30,NULL,'Искусственный камень Corian Seashell (4)',3,3),(409,'Silver Birch (4)','/images/corian/catalog/corian_4_silver_birch.jpg',30,NULL,'Искусственный камень Corian Silver Birch (4)',3,5),(410,'Sonora (4)','/images/corian/catalog/corian_4_sonora.jpg',30,NULL,'Искусственный камень Corian Sonora (4)',6,4),(411,'Sorrel (4)','/images/corian/catalog/corian_4_sorrel.jpg',30,NULL,'Искусственный камень Corian Sorrel (4)',6,5),(412,'Whatecap (4)','/images/corian/catalog/corian_4_whitecap.jpg',30,NULL,'Искусственный камень Corian Whatecap (4)',3,1),(413,'Hazel (4)','/images/corian/catalog/corian_4_witch_hazel.jpg',30,NULL,'Искусственный камень Corian Hazel (4)',6,3),(414,'B-001 Ivory Essence','/images/hanex/catalog/hanex_b001_brionne_ivory_essence.jpg',40,NULL,'Искусственный камень Hanex B001 Ivory Essence',7,3),(415,'B-012 Oslo White','/images/hanex/catalog/hanex_b012_brionne_oslo_white.jpg',40,NULL,'Искусственный камень Hanex B012 Oslo White',7,1),(416,'B0-13 Bosque','/images/hanex/catalog/hanex_b013_brionne_bosque.jpg',40,NULL,'Искусственный камень Hanex B013 Bosque',7,1),(417,'B-019 Rhytmic Shine','/images/hanex/catalog/hanex_b019_brionne_rhytmic_shine.jpg',40,NULL,'Искусственный камень Hanex B-019 Rhytmic Shine',7,2),(418,'B-021 Stone Hedge','/images/hanex/catalog/hanex_b021_brionne_stone_hedge.jpg',40,NULL,'Искусственный камень Hanex B-021 Stone Hedge',7,5),(419,'B-028 Leche ','/images/hanex/catalog/hanex_b028_brionne_leche.jpg',40,NULL,'Искусственный камень Hanex B-028 Leche ',7,4),(420,'B-031 Helsinki','/images/hanex/catalog/hanex_b031_brionne_helsinki.jpg',40,NULL,'Искусственный камень Hanex B-031 Helsinki',7,1),(421,'B-032 Florida Beach','/images/hanex/catalog/hanex_b032_brionne_florida_beach.jpg',40,NULL,'Искусственный камень Hanex B-032 Florida Beach',7,2),(422,'B-033 Festival Grain','/images/hanex/catalog/hanex_b033_brionne_festival_grain.jpg',40,NULL,'Искусственный камень Hanex B-033 Festival Grain',7,3),(423,'B-034 Daylight Moon','/images/hanex/catalog/hanex_b034_brionne_daylight_moon.jpg',40,NULL,'Искусственный камень Hanex B-034 Daylight Moon',7,2),(424,'B-035 Chocolate','/images/hanex/catalog/hanex_b035_brionne_chocolate.jpg',40,NULL,'Искусственный камень Hanex B-035 Chocolate',7,4),(425,'B-037 Jewel Beach','/images/hanex/catalog/hanex_b037_brionne_jewel_beach.jpg',40,NULL,'Искусственный камень Hanex B-037 Jewel Beach',7,3),(426,'B-038 Wild Safari','/images/hanex/catalog/hanex_b038_brionne_wild_safari.jpg',40,NULL,'Искусственный камень Hanex B-038 Wild Safari',7,5),(427,'B-039 Wild Fire','/images/hanex/catalog/hanex_b039_brionne_wild_fire.jpg',40,NULL,'Искусственный камень Hanex B-039 Wild Fire',7,4),(428,'B-040 Copper Black','/images/hanex/catalog/hanex_b040_brionne_copper_black.jpg',40,NULL,'Искусственный камень Hanex B-040 Copper Black',7,4),(429,'BL-002 Celadon','/images/hanex/catalog/hanex_bl002_bellassimo%20_celadon.jpg',41,NULL,'Искусственный камень Hanex BL-002 Celadon',6,1),(430,'BL-003 Pietra Panna','/images/hanex/catalog/hanex_bl003_bellassimo%20_pietra_panna.jpg',41,NULL,'Искусственный камень Hanex BL-003 Pietra Panna',6,5),(431,'BL-010 Terracota','/images/hanex/catalog/hanex_bl010_bellassimo%20_terracota.jpg',41,NULL,'Искусственный камень Hanex BL-010 Terracota',6,4),(432,'BL-014 Stratus','/images/hanex/catalog/hanex_bl014_bellassimo%20_stratus.jpg',41,NULL,'Искусственный камень Hanex BL-014 Stratus',6,1),(433,'BL-015 Champagne','/images/hanex/catalog/hanex_bl015_bellassimo%20_champagne.jpg',41,NULL,'Искусственный камень Hanex BL-015 Champagne',6,2),(434,'BL-016 Cumulous','/images/hanex/catalog/hanex_bl016_bellassimo%20_cumulous.jpg',41,NULL,'Искусственный камень Hanex BL-016 Cumulous',6,5),(435,'BL-201 Kashmere','/images/hanex/catalog/hanex_bl201_bellassimo_ll%20_kashmere.jpg',42,NULL,'Искусственный камень Hanex BL-201 Kashmere',6,2),(436,'BL-202 Flaxen','/images/hanex/catalog/hanex_bl202_bellassimo_ll%20_flaxen.jpg',42,NULL,'Искусственный камень Hanex BL-202 Flaxen',6,2),(437,'BL-203 Silkwood','/images/hanex/catalog/hanex_bl203_bellassimo_ll%20_silkwood.jpg',42,NULL,'Искусственный камень Hanex BL-203 Silkwood',6,3),(438,'BL-204 Seaway','/images/hanex/catalog/hanex_bl204_bellassimo_ll%20_seaway.jpg',42,NULL,'Искусственный камень Hanex BL-204 Seaway',6,3),(439,'BL-205 Sedimentary','/images/hanex/catalog/hanex_bl205_bellassimo_ll%20_sedimentary.jpg',42,NULL,'Искусственный камень Hanex BL-205 Sedimentary',6,5),(440,'BL-206 Slate Grey','/images/hanex/catalog/hanex_bl206_bellassimo_ll%20_slate_grey.jpg',42,NULL,'Искусственный камень Hanex BL-206 Slate Grey',6,5),(441,'BL-207 Bordeaux','/images/hanex/catalog/hanex_bl207_bellassimo_ll%20_bordeaux.jpg',42,NULL,'Искусственный камень Hanex BL-207 Bordeaux',6,4),(442,'BL-209  Macassar ','/images/hanex/catalog/hanex_bl209_bellassimo_ll%20_macassar.jpg',42,NULL,'Искусственный камень Hanex BL-209  Macassar ',6,4),(443,'BL-251 Cameo','/images/hanex/catalog/hanex_bl251_bellassimo_ll%20_cameo.jpg',42,NULL,'Искусственный камень Hanex BL-251 Cameo',6,2),(444,'BL-253 Ebony Timber','/images/hanex/catalog/hanex_bl253_bellassimo_ll%20_ebony_timber.jpg',42,NULL,'Искусственный камень Hanex BL-253 Ebony Timber',6,4),(445,'C-001 Cubic White','/images/hanex/catalog/hanex_c001_cubic_white.jpg',36,NULL,'Искусственный камень Hanex C-001 Cubic White',3,1),(446,'C-002 Cubic Ivory','/images/hanex/catalog/hanex_c002_cubic_ivory.jpg',36,NULL,'Искусственный камень Hanex C-002 Cubic Ivory',3,2),(447,'C-004 Cubic Transblanc','/images/hanex/catalog/hanex_c004_cubic_transblanc.jpg',36,NULL,'Искусственный камень Hanex C-004 Cubic Transblanc',3,1),(448,'C-007 Cubic Milk','/images/hanex/catalog/hanex_c007_cubic_milk.jpg',36,NULL,'Искусственный камень Hanex C-007 Cubic Milk',3,1),(449,'C-008 Cubic Nebulous','/images/hanex/catalog/hanex_c008_cubic_nebulous.jpg',36,NULL,'Искусственный камень Hanex C-008 Cubic Nebulous',3,1),(450,'D-001 Silverstone','/images/hanex/catalog/hanex_d001_duo_silverstone.jpg',33,NULL,'Искусственный камень Hanex D-001 Silverstone',2,1),(451,'D-003 Goldbrown','/images/hanex/catalog/hanex_d003_duo_goldbrown.jpg',33,NULL,'Искусственный камень Hanex D-003 Goldbrown',2,2),(452,'D-007 Mist','/images/hanex/catalog/hanex_d007_duo_mist.jpg',33,NULL,'Искусственный камень Hanex D-007 Mist',2,5),(453,'D-009 Sandbank','/images/hanex/catalog/hanex_d009_duo_sandbank.jpg',33,NULL,'Искусственный камень Hanex D-009 Sandbank',2,3),(454,'D-015 Blackhill','/images/hanex/catalog/hanex_d015_duo_blackhill.jpg',33,NULL,'Искусственный камень Hanex D-015 Blackhill',2,11),(455,'D-019 Pinetree','/images/hanex/catalog/hanex_d019_duo_n_pinetree.jpg',33,NULL,'Искусственный камень Hanex D-019 Pinetree',2,7),(456,'D-024 Silverwhite','/images/hanex/catalog/hanex_d024_duo_silverwhite.jpg',33,NULL,'Искусственный камень Hanex D-024 Silverwhite',2,1),(457,'D-025 Lightsand','/images/hanex/catalog/hanex_d025_duo_lightsand.jpg',33,NULL,'Искусственный камень Hanex D-025 Lightsand',2,1),(458,'D-027 Marrionier','/images/hanex/catalog/hanex_d027_duo_marrionier.jpg',33,NULL,'Искусственный камень Hanex D-027 Marrionier',2,4),(459,'D-028 Blackbeat','/images/hanex/catalog/hanex_d028_duo_blackbeat.jpg',33,NULL,'Искусственный камень Hanex D-028 Blackbeat',2,11),(460,'D-037 Dijon Beige','/images/hanex/catalog/hanex_d037_duo_dijon_beige.jpg',33,NULL,'Искусственный камень Hanex D-037 Dijon Beige',2,3),(461,'D-039 Navajo','/images/hanex/catalog/hanex_d039_duo_navajo.jpg',33,NULL,'Искусственный камень Hanex D-039 Navajo',2,4),(462,'G-008 Palermo','/images/hanex/catalog/hanex_g008_galleria_palermo.jpg',38,NULL,'Искусственный камень Hanex G-008 Palermo',8,2),(463,'GAM-001 Aftersnow','/images/hanex/catalog/hanex_gam001_galleria_aftersnow.jpg',38,NULL,'Искусственный камень Hanex GAM-001 Aftersnow',8,1),(464,'GAM-004 Sandflower','/images/hanex/catalog/hanex_gam004_galleria_sandflower.jpg',38,NULL,'Искусственный камень Hanex GAM-004 Sandflower',8,2),(465,'GAP-003 Java Aroma','/images/hanex/catalog/hanex_gap003_galleria_java_aroma.jpg',38,NULL,'Искусственный камень Hanex GAP-003 Java Aroma',8,2),(466,'GAR-006 Desertcastle','/images/hanex/catalog/hanex_gar006_galleria_desertcastle.jpg',38,NULL,'Искусственный камень Hanex GAR-006 Desertcastle',8,4),(467,'GAR-007 Terrasienna','/images/hanex/catalog/hanex_gar007_galleria_terrasienna.jpg',38,NULL,'Искусственный камень Hanex GAR-007 Terrasienna',8,4),(468,'GAR-010 Blackspot','/images/hanex/catalog/hanex_gar010_galleria_blackspot.jpg',38,NULL,'Искусственный камень Hanex GAR-010 Blackspot',8,11),(469,'GL-001 Pegasus','/images/hanex/catalog/hanex_gl001_glittering_pegasus.jpg',39,NULL,'Искусственный камень Hanex GL-001 Pegasus',5,2),(470,'GL-002 Aries','/images/hanex/catalog/hanex_gl002_glittering_aries.jpg',39,NULL,'Искусственный камень Hanex GL-002 Aries',5,5),(471,'GL-003 Libra','/images/hanex/catalog/hanex_gl003_glittering_libra.jpg',39,NULL,'Искусственный камень Hanex GL-003 Libra',5,5),(472,'GL004 Andromeda','/images/hanex/catalog/hanex_gl004_glittering_andromeda.jpg',39,NULL,'Искусственный камень Hanex GL004 Andromeda',5,5),(473,'Gl-005 Taurus','/images/hanex/catalog/hanex_gl005_glittering_taurus.jpg',39,NULL,'Искусственный камень Hanex Gl-005 Taurus',5,4),(474,'GL-006 Gygnus','/images/hanex/catalog/hanex_gl006_glittering_gygnus.jpg',39,NULL,'Искусственный камень Hanex GL-006 Gygnus',5,4),(475,'M-002 Fantasia','/images/hanex/catalog/hanex_m002_magic_fantasia.jpg',32,NULL,'Искусственный камень Hanex M-002 Fantasia',3,11),(476,'M-003 M-Red','/images/hanex/catalog/hanex_m003_magic_m_red.jpg',32,NULL,'Искусственный камень Hanex M-003 M-Red',1,6),(477,'M-005 N-Orange','/images/hanex/catalog/hanex_m005_magic_n_orange.jpg',32,NULL,'Искусственный камень Hanex M-005 N-Orange',1,10),(478,'M-006 N-Yellow','/images/hanex/catalog/hanex_m006_magic_n_yellow.jpg',32,NULL,'Искусственный камень Hanex M-006 N-Yellow',1,8),(479,'M-107 M-Black','/images/hanex/catalog/hanex_m007_magic_m_black.jpg',32,NULL,'Искусственный камень Hanex M-107 M-Black',1,11),(480,'NA-01 Blando','/images/hanex/catalog/hanex_na01_nativo_blando.jpg',43,NULL,'Искусственный камень Hanex NA-01 Blando',8,1),(481,'NA-02 Grano','/images/hanex/catalog/hanex_na02_nativo_grano.jpg',43,NULL,'Искусственный камень Hanex NA-02 Grano',8,5),(482,'NA-03 Avena','/images/hanex/catalog/hanex_na03_nativo_avena.jpg',43,NULL,'Искусственный камень Hanex NA-03 Avena',8,2),(483,'NA-04 Viento','/images/hanex/catalog/hanex_na04_nativo_viento.jpg',43,NULL,'Искусственный камень Hanex NA-04 Viento',8,4),(484,'NA-05 Terrono','/images/hanex/catalog/hanex_na05_nativo_terrono.jpg',43,NULL,'Искусственный камень Hanex NA-05 Terrono',8,4),(485,'NA-06 Montes','/images/hanex/catalog/hanex_na06_nativo_montes.jpg',43,NULL,'Искусственный камень Hanex NA-06 Montes',8,4),(486,'P-002 Metal Grey','/images/hanex/catalog/hanex_p002_pearl_metal_grey.jpg',34,NULL,'Искусственный камень Hanex P-002 Metal Grey',5,5),(487,'P-004 Solaris','/images/hanex/catalog/hanex_p004_pearl_solaris.jpg',34,NULL,'Искусственный камень Hanex P-004 Solaris',5,1),(488,'P-005 Nightgleam','/images/hanex/catalog/hanex_p005_pearl_nightgleam.jpg',34,NULL,'Искусственный камень Hanex P-005 Nightgleam',5,11),(489,'P-007 Brown Eyes','/images/hanex/catalog/hanex_p007_pearl_brown_eyes.jpg',34,NULL,'Искусственный камень Hanex P-007 Brown Eyes',5,4),(490,'RE-01 Snowflake','/images/hanex/catalog/hanex_re01_therapy_snowflake.jpg',37,NULL,'Искусственный камень Hanex RE-01 Snowflake',3,1),(491,'RE-02 Nuts Crumble','/images/hanex/catalog/hanex_re02_therapy_nuts_crumble.jpg',37,NULL,'Искусственный камень Hanex RE-02 Nuts Crumble',3,1),(492,'RE-03 Biscotti','/images/hanex/catalog/hanex_re03_therapy_biscotti.jpg',37,NULL,'Искусственный камень Hanex RE-03 Biscotti',3,3),(493,'RE-04 Ginger Bread','/images/hanex/catalog/hanex_re04_therapy_ginger_bread.jpg',37,NULL,'Искусственный камень Hanex RE-04 Ginger Bread',3,4),(494,'RE-05 Yuri Grey','/images/hanex/catalog/hanex_re05_therapy_yuri_grey.jpg',37,NULL,'Искусственный камень Hanex RE-05 Yuri Grey',3,5),(495,'RE-06 Cacao Umber','/images/hanex/catalog/hanex_re06_therapy_cacao_umber.jpg',37,NULL,'Искусственный камень Hanex RE-06 Cacao Umber',3,4),(496,'S-001 R-White','/images/hanex/catalog/hanex_s001_solo_r_white.jpg',31,NULL,'Искусственный камень Hanex S-001 R-White',1,1),(497,'S-004 Ivory','/images/hanex/catalog/hanex_s004_solo_ivory.jpg',31,NULL,'Искусственный камень Hanex S-004 Ivory',1,2),(498,'S-006 Grey','/images/hanex/catalog/hanex_s006_solo__grey.jpg',31,NULL,'Искусственный камень Hanex S-006 Grey',1,5),(499,'S-008 N-White','/images/hanex/catalog/hanex_s008_solo_n_white.jpg',31,NULL,'Искусственный камень Hanex S-008 N-White',1,1),(500,'S-013 Hydra','/images/hanex/catalog/hanex_s013_solo_hydra.jpg',31,NULL,'Искусственный камень Hanex S-013 Hydra',1,9),(501,'S-014 Aqueous','/images/hanex/catalog/hanex_s014_solo_aqueous.jpg',31,NULL,'Искусственный камень Hanex S-014 Aqueous',1,9),(502,'S-015 Elixir','/images/hanex/catalog/hanex_s015_solo_elixir.jpg',31,NULL,'Искусственный камень Hanex S-015 Elixir',1,7),(503,'S-016 Chalk','/images/hanex/catalog/hanex_s016_solo_chalk.jpg',31,NULL,'Искусственный камень Hanex S-016 Chalk',1,1),(504,'S-018 Beige Breeze','/images/hanex/catalog/hanex_s018_solo_beige_breeze.jpg',31,NULL,'Искусственный камень Hanex S-018 Beige Breeze',1,4),(505,'S-019 Brown Fever','/images/hanex/catalog/hanex_s019_solo_brown_fever.jpg',31,NULL,'Искусственный камень Hanex S-019 Brown Fever',1,4),(506,'S-020 H-White','/images/hanex/catalog/hanex_s020_solo_h_white.jpg',31,NULL,'Искусственный камень Hanex S-020 H-White',1,1),(507,'ST-103 Nublado','/images/hanex/catalog/hanex_st103_stratum_nublado.jpg',44,NULL,'Искусственный камень Hanex ST-103 Nublado',9,1),(508,'ST-104 Ardosia','/images/hanex/catalog/hanex_st104_stratum_ardosia.jpg',44,NULL,'Искусственный камень Hanex ST-104 Ardosia',9,5),(509,'ST-105 Moreno','/images/hanex/catalog/hanex_st105_stratum_moreno.jpg',44,NULL,'Искусственный камень Hanex ST-105 Moreno',9,4),(510,'ST-106 Grenico','/images/hanex/catalog/hanex_st106_stratum_grenicio.jpg',44,NULL,'Искусственный камень Hanex ST-106 Grenico',9,5),(511,'T-001 H-Eldorado','/images/hanex/catalog/hanex_t001_trio_h_eldorado.jpg',35,NULL,'Искусственный камень Hanex T-001 H-Eldorado',3,2),(512,'T-003 H-Ivory','/images/hanex/catalog/hanex_t003_trio_h_ivory.jpg',35,NULL,'Искусственный камень Hanex T-003 H-Ivory',3,5),(513,'T-005 H-Grey','/images/hanex/catalog/hanex_t005_trio_h_grey.jpg',35,NULL,'Искусственный камень Hanex T-005 H-Grey',3,5),(514,'T-007 H-Indigoblue','/images/hanex/catalog/hanex_t007_trio_h_indigoblue.jpg',35,NULL,'Искусственный камень Hanex T-007 H-Indigoblue',3,9),(515,'T-012 H-Elegance','/images/hanex/catalog/hanex_t012_trio_h_elegance.jpg',35,NULL,'Искусственный камень Hanex T-012 H-Elegance',3,2),(516,'T-013 H-Sancopper','/images/hanex/catalog/hanex_t013_trio_h_sandcopper.jpg',35,NULL,'Искусственный камень Hanex T-013 H-Sancopper',3,4),(517,'T-020 Sanstar','/images/hanex/catalog/hanex_t020_trio_sunstar.jpg',35,NULL,'Искусственный камень Hanex T-020 Sanstar',3,6),(518,'T-021 Pure Arctic','/images/hanex/catalog/hanex_t021_trio_pure_arctic.jpg',35,NULL,'Искусственный камень Hanex T-021 Pure Arctic',3,1),(519,'T-025 Chectnut','/images/hanex/catalog/hanex_t025_trio_chestnut.jpg',35,NULL,'Искусственный камень Hanex T-025 Chectnut',3,4),(520,'T-041 Blackglass','/images/hanex/catalog/hanex_t041_trio_blackglass.jpg',35,NULL,'Искусственный камень Hanex T-041 Blackglass',3,11),(521,'T-042 H-Gravel','/images/hanex/catalog/hanex_t042_trio_h_gravel.jpg',35,NULL,'Искусственный камень Hanex T-042 H-Gravel',3,5),(522,'T-049 Hazelnut','/images/hanex/catalog/hanex_t049_trio_hazelnut.jpg',35,NULL,'Искусственный камень Hanex T-049 Hazelnut',3,4),(523,'T-050 Ice Queen','/images/hanex/catalog/hanex_t050_trio_ice_queen.jpg',35,NULL,'Искусственный камень Hanex T-050 Ice Queen',3,1),(524,'T-068 Rice Cookie','/images/hanex/catalog/hanex_t068_trio_rice_cookie.jpg',35,NULL,'Искусственный камень Hanex T-068 Rice Cookie',3,2),(525,'T-098 Goldstone','/images/hanex/catalog/hanex_t098_trio_goldstone.jpg',35,NULL,'Искусственный камень Hanex T-098 Goldstone',3,2),(526,'T-001 Chalcedony','/images/tristone/catalog/tristone_baroque_t_001_chalcedony.jpg',49,NULL,'Искусственный камень Tristone T-001 Chalcedony',8,1),(527,'T-002 Tourmaline','/images/tristone/catalog/tristone_baroque_t_002_tourmaline.jpg',49,NULL,'Искусственный камень Tristone T-002 Tourmaline',8,4),(528,'T-003 Ambiance','/images/tristone/catalog/tristone_baroque_t_003_ambiance.jpg',49,NULL,'Искусственный камень Tristone T-003 Ambiance',8,2),(529,'T-004 Alexandrite','/images/tristone/catalog/tristone_baroque_t_004_alexandrite.jpg',49,NULL,'Искусственный камень Tristone T-004 Alexandrite',8,5),(530,'T-005 Onyx','/images/tristone/catalog/tristone_baroque_t_005_onyx.jpg',49,NULL,'Искусственный камень Tristone T-005 Onyx',8,11),(531,'T-008 Zultanite','/images/tristone/catalog/tristone_baroque_t_008_zultanite.jpg',49,NULL,'Искусственный камень Tristone T-008 Zultanite',8,3),(532,'MT-001 Grise','/images/tristone/catalog/tristone_byzantine_mt_001_grise.jpg',51,NULL,'Искусственный камень Tristone',7,5),(533,'MT-002 Chocolate Cognac','/images/tristone/catalog/tristone_byzantine_mt_002_chocolate_cognac.jpg',51,NULL,'Искусственный камень Tristone MT-002 Chocolate Cognac',7,4),(534,'MT-004 Gloride','/images/tristone/catalog/tristone_byzantine_mt_004_gloride.jpg',51,NULL,'Искусственный камень Tristone MT-004 Gloride',7,2),(535,'MT-005 Mystic','/images/tristone/catalog/tristone_byzantine_mt_005_mystic.jpg',51,NULL,'Искусственный камень Tristone MT-005 Mystic',7,5),(536,'TS-101 Antarctic Ice','/images/tristone/catalog/tristone_byzantine_ts_101_antarctic_ice.jpg',51,NULL,'Искусственный камень Tristone TS-101 Antarctic Ice',7,1),(537,'TS-108 Raccoon','/images/tristone/catalog/tristone_byzantine_ts_108_raccoon.jpg',51,NULL,'Искусственный камень Tristone TS-108 Raccoon',7,4),(538,'TS-109 Whinstone','/images/tristone/catalog/tristone_byzantine_ts_109_whinstone.jpg',51,NULL,'Искусственный камень Tristone TS-109 Whinstone',7,3),(539,'TS-111 Iris','/images/tristone/catalog/tristone_byzantine_ts_111_iris.jpg',51,NULL,'Искусственный камень Tristone TS-111 Iris',7,1),(540,'TS-112 Daisy','/images/tristone/catalog/tristone_byzantine_ts_112_daisy.jpg',51,NULL,'Искусственный камень Tristone TS-112 Daisy',7,1),(541,'TS-113 Cromium','/images/tristone/catalog/tristone_byzantine_ts_113_cromium.jpg',51,NULL,'Искусственный камень Tristone TS-113 Cromium',7,4),(542,'TS-114 Cinnamon','/images/tristone/catalog/tristone_byzantine_ts_114_cinnamon.jpg',51,NULL,'Искусственный камень Tristone TS-114 Cinnamon',7,4),(543,'TS-116 Latona','/images/tristone/catalog/tristone_byzantine_ts_116_latona.jpg',51,NULL,'Искусственный камень Tristone TS-116 Latona',7,2),(544,'TS-117 Sauron','/images/tristone/catalog/tristone_byzantine_ts_117_sauron.jpg',51,NULL,'Искусственный камень Tristone TS-117 Sauron',7,11),(545,'TS-119 Red Amber','/images/tristone/catalog/tristone_byzantine_ts_119_red_amber.jpg',51,NULL,'Искусственный камень Tristone TS-119 Red Amber',7,3),(546,'TS-120 Adonis','/images/tristone/catalog/tristone_byzantine_ts_120_adonis.jpg',51,NULL,'Искусственный камень Tristone TS-120 Adonis',7,6),(547,'TS-201 Florence','/images/tristone/catalog/tristone_byzantine_ts_201_florence.jpg',51,NULL,'Искусственный камень Tristone TS-201 Florence',7,4),(548,'TS-202 Apollo','/images/tristone/catalog/tristone_byzantine_ts_202_apollo.jpg',51,NULL,'Искусственный камень Tristone TS-202 Apollo',7,11),(549,'TS-203 Antelope','/images/tristone/catalog/tristone_byzantine_ts_203_antelope_canyon.jpg',51,NULL,'Искусственный камень Tristone TS-203 Antelope',7,1),(550,'S-102 Beige Sand','/images/tristone/catalog/tristone_classical_s_102_beige_sands.jpg',46,NULL,'Искусственный камень Tristone S-102 Beige Sand',2,2),(551,'S-107 Peach Tree','/images/tristone/catalog/tristone_classical_s_107_peach_tree.jpg',46,NULL,'Искусственный камень Tristone S-107 Peach Tree',2,3),(552,'S-110 Cream Sand','/images/tristone/catalog/tristone_classical_s_110_cream-sands.jpg',46,NULL,'Искусственный камень Tristone S-110 Cream Sand',2,1),(553,'S-111 Tempest Grey','/images/tristone/catalog/tristone_classical_s_111_tempest_grey.jpg',46,NULL,'Искусственный камень Tristone S-111 Tempest Grey',2,5),(554,'S-113 Irish Cream','/images/tristone/catalog/tristone_classical_s_113_irish_cream.jpg',46,NULL,'Искусственный камень Tristone S-113 Irish Cream',2,2),(555,'S-117 Sand Castle','/images/tristone/catalog/tristone_classical_s_117_sand_castle.jpg',46,NULL,'Искусственный камень Tristone S-117 Sand Castle',2,4),(556,'S-119 Night Sky','/images/tristone/catalog/tristone_classical_s_119_night_sky.jpg',46,NULL,'Искусственный камень Tristone S-119 Night Sky',2,11),(557,'S-201 Fog','/images/tristone/catalog/tristone_classical_s_201_fog.jpg',46,NULL,'Искусственный камень Tristone S-201 Fog',2,5),(558,'S-202 Night Pearl','/images/tristone/catalog/tristone_classical_s_202_night_pearl.jpg',46,NULL,'Искусственный камень Tristone S-202 Night Pearl',5,11),(559,'S-203 Snow Pearl','/images/tristone/catalog/tristone_classical_s_203_snow_pearl.jpg',46,NULL,'Искусственный камень Tristone S-203 Snow Pearl',5,1),(560,'S-204 Soft Pearl','/images/tristone/catalog/tristone_classical_s_204_soft_pearl.jpg',46,NULL,'Искусственный камень Tristone S-204 Soft Pearl',5,5),(561,'S-205 Black Frost','/images/tristone/catalog/tristone_classical_s_205_black_frost.jpg',46,NULL,'Искусственный камень Tristone S-205 Black Frost',2,11),(562,'S-207 Milky Sands','/images/tristone/catalog/tristone_classical_s_207_milky_sands.jpg',46,NULL,'Искусственный камень Tristone S-207 Milky Sands',2,1),(563,'V-001 Tijuana','/images/tristone/catalog/tristone_marble_avant_garde%20_v_001_tijuana.jpg',52,NULL,'Искусственный камень Tristone V-001 Tijuana',6,2),(564,'V-003 Amond','/images/tristone/catalog/tristone_marble_avant_garde%20_v_003_amond.jpg',52,NULL,'Искусственный камень Tristone V-003 Amond',6,3),(565,'V-004 Shell','/images/tristone/catalog/tristone_marble_avant_garde%20_v_004_shell.jpg',52,NULL,'Искусственный камень Tristone V-004 Shell',6,5),(566,'V-005 Dark Wood','/images/tristone/catalog/tristone_marble_avant_garde%20_v_005_dark_wood.jpg',52,NULL,'Искусственный камень Tristone V-005 Dark Wood',6,4),(567,'V-006 Gold Amber','/images/tristone/catalog/tristone_marble_avant_garde%20_v_006_gold_amber.jpg',52,NULL,'Искусственный камень Tristone V-006 Gold Amber',6,3),(568,'V-007 Venice','/images/tristone/catalog/tristone_marble_avant_garde%20_v_007_venice.jpg',52,NULL,'Искусственный камень Tristone V-007 Venice',6,1),(569,'V-008 Moonscape','/images/tristone/catalog/tristone_marble_avant_garde%20_v_008_moonscape.jpg',52,NULL,'Искусственный камень Tristone V-008 Moonscape',6,2),(570,'V-009 Milk Grotto','/images/tristone/catalog/tristone_marble_avant_garde%20_v_009_milk_grotto.jpg',52,NULL,'Искусственный камень Tristone V-009 Milk Grotto',6,1),(571,'A-104 Pure White','/images/tristone/catalog/tristone_modern_a_104_pure_white.jpg',45,NULL,'Искусственный камень Tristone A-104 Pure White',1,1),(572,'A-105 Dark Cave','/images/tristone/catalog/tristone_modern_a_105_dark_cave.jpg',45,NULL,'Искусственный камень Tristone A-105 Dark Cave',1,11),(573,'A-203 Marple','/images/tristone/catalog/tristone_modern_a_203_maple.jpg',45,NULL,'Искусственный камень Tristone A-203 Marple',1,10),(574,'A-210 Grey','/images/tristone/catalog/tristone_modern_a_210_grey.jpg',45,NULL,'Искусственный камень Tristone A-210 Grey',1,5),(575,'ST-009 Snow Range','/images/tristone/catalog/tristone_renaissance_st_009_snow_range.jpg',47,NULL,'Искусственный камень Tristone ST-009 Snow Range',3,1),(576,'ST-102 French Roast','/images/tristone/catalog/tristone_renaissance_st_102_french_roast.jpg',47,NULL,'Искусственный камень Tristone ST-102 French Roast',3,4),(577,'ST-105 Rosewood','/images/tristone/catalog/tristone_renaissance_st_105_rosewood.jpg',47,NULL,'Искусственный камень Tristone ST-105 Rosewood',3,4),(578,'ST-106 Chocolate Truffle','/images/tristone/catalog/tristone_renaissance_st_106_chocolate_truffle.jpg',47,NULL,'Искусственный камень Tristone ST-106 Chocolate Truffle',3,4),(579,'ST-111 Peppercorn','/images/tristone/catalog/tristone_renaissance_st_111_peppercorn.jpg',47,NULL,'Искусственный камень Tristone ST-111 Peppercorn',3,5),(580,'ST-118 Ballast','/images/tristone/catalog/tristone_renaissance_st_118_ballast.jpg',47,NULL,'Искусственный камень Tristone ST-118 Ballast',3,2),(581,'ST-121 Lemonade','/images/tristone/catalog/tristone_renaissance_st_121_lemonade.jpg',47,NULL,'Искусственный камень Tristone ST-121 Lemonade',3,2),(582,'ST-202 Red Carpet','/images/tristone/catalog/tristone_renaissance_st_202_red_carpet.jpg',47,NULL,'Искусственный камень Tristone ST-202 Red Carpet',5,6),(583,'B-001 Spodumine','/images/tristone/catalog/tristone_romanesque_b_001_spodumine.jpg',50,NULL,'Искусственный камень Tristone B-001 Spodumine',8,3),(584,'B-003 Tigereye','/images/tristone/catalog/tristone_romanesque_b_003_tigereye.jpg',50,NULL,'Искусственный камень Tristone B-003 Tigereye',8,3),(585,'B-005 Andradite','/images/tristone/catalog/tristone_romanesque_b_005_andradite.jpg',50,NULL,'Искусственный камень Tristone B-005 Andradite',8,5),(586,'B-006 Jasper','/images/tristone/catalog/tristone_romanesque_b_006_jasper.jpg',50,NULL,'Искусственный камень Tristone B-006 Jasper',8,3),(587,'F-005 Cirrus','/images/tristone/catalog/tristone_romantic_f_005_cirrus.jpg',48,NULL,'Искусственный камень Tristone F-005 Cirrus',3,2),(588,'F-102 Aquamarine','/images/tristone/catalog/tristone_romantic_f_102_aquamarine.jpg',48,NULL,'Искусственный камень Tristone F-102 Aquamarine',3,9),(589,'F-103 Concord','/images/tristone/catalog/tristone_romantic_f_103_concord.jpg',48,NULL,'Искусственный камень Tristone F-103 Concord',3,5),(590,'F-104 Frost Land','/images/tristone/catalog/tristone_romantic_f_104_frost_land.jpg',48,NULL,'Искусственный камень Tristone F-104 Frost Land',3,1),(591,'F105 Gold Twilight','/images/tristone/catalog/tristone_romantic_f_105_gold_twilight.jpg',48,NULL,'Искусственный камень Tristone F105 Gold_Twilight',3,3),(592,'F-107 Copper Mountain','/images/tristone/catalog/tristone_romantic_f_107_copper_mountain.jpg',48,NULL,'Искусственный камень Tristone F-107 Copper Mountain',3,4),(593,'F-109 Rocky Mountain','/images/tristone/catalog/tristone_romantic_f_109_rocky_mountain.jpg',48,NULL,'Искусственный камень Tristone F-109 Rocky Mountain',3,4),(594,'F-113 Cobble Stone','/images/tristone/catalog/tristone_romantic_f_113_cobble_stone.jpg',48,NULL,'Искусственный камень Tristone F-113 Cobble Stone',3,2),(595,'F-115 Natural Cotton','/images/tristone/catalog/tristone_romantic_f_115_natural_cotton.jpg',48,NULL,'Искусственный камень Tristone F-115 Natural Cotton',3,1),(596,'F-121 Sand Crunch','/images/tristone/catalog/tristone_romantic_f_121_sand_crunch.jpg',48,NULL,'Искусственный камень Tristone F-121 Sand Crunch',3,2),(597,'F-122 Chestnut','/images/tristone/catalog/tristone_romantic_f_122_chestnut.jpg',48,NULL,'Искусственный камень Tristone F-122 Chestnut',3,3),(598,'F-130 Primerose','/images/tristone/catalog/tristone_romantic_f_130_primrose.jpg',48,NULL,'Искусственный камень Tristone F-130 Primerose',3,6),(599,'F-201 Indian Ocean','/images/tristone/catalog/tristone_romantic_f_201_indian_ocean.jpg',48,NULL,'Искусственный камень Tristone F-201 Indian Ocean',3,1),(600,'F-203 Black Ice','/images/tristone/catalog/tristone_romantic_f_203_black_ice.jpg',48,NULL,'Искусственный камень Tristone F-203 Black Ice',3,1),(601,'F-205 Black Quartz ','/images/tristone/catalog/tristone_romantic_f_205_black_quartz.jpg',48,NULL,'Искусственный камень Tristone F-205 Black Quartz ',3,11),(602,'F-209 Brown Ice','/images/tristone/catalog/tristone_romantic_f_209_brown_ice.jpg',48,NULL,'Искусственный камень Tristone F-209 Brown Ice',3,1),(603,'F-213 Concrete Quartz','/images/tristone/catalog/tristone_romantic_f_213_concrete_quartz.jpg',48,NULL,'Искусственный камень Tristone F-213 Concrete Quartz',3,3),(604,'F-303 Sweet Penaut','/images/tristone/catalog/tristone_romantic_f_303_sweet_peanut.jpg',48,NULL,'Искусственный камень Tristone F-303 Sweet Penaut',3,2);
/*!40000 ALTER TABLE `stone` ENABLE KEYS */;
UNLOCK TABLES;

--
-- Table structure for table `tbl_migration`
--

DROP TABLE IF EXISTS `tbl_migration`;
/*!40101 SET @saved_cs_client     = @@character_set_client */;
/*!40101 SET character_set_client = utf8 */;
CREATE TABLE `tbl_migration` (
  `version` varchar(180) NOT NULL,
  `apply_time` int(11) DEFAULT NULL,
  PRIMARY KEY (`version`)
) ENGINE=InnoDB DEFAULT CHARSET=utf8;
/*!40101 SET character_set_client = @saved_cs_client */;

--
-- Dumping data for table `tbl_migration`
--

LOCK TABLES `tbl_migration` WRITE;
/*!40000 ALTER TABLE `tbl_migration` DISABLE KEYS */;
INSERT INTO `tbl_migration` VALUES ('m000000_000000_base',1488540753),('m170303_101954_init_tables',1488540762),('m170310_095210_additional_fields',1489141193);
/*!40000 ALTER TABLE `tbl_migration` ENABLE KEYS */;
UNLOCK TABLES;
/*!40103 SET TIME_ZONE=@OLD_TIME_ZONE */;

/*!40101 SET SQL_MODE=@OLD_SQL_MODE */;
/*!40014 SET FOREIGN_KEY_CHECKS=@OLD_FOREIGN_KEY_CHECKS */;
/*!40014 SET UNIQUE_CHECKS=@OLD_UNIQUE_CHECKS */;
/*!40101 SET CHARACTER_SET_CLIENT=@OLD_CHARACTER_SET_CLIENT */;
/*!40101 SET CHARACTER_SET_RESULTS=@OLD_CHARACTER_SET_RESULTS */;
/*!40101 SET COLLATION_CONNECTION=@OLD_COLLATION_CONNECTION */;
/*!40111 SET SQL_NOTES=@OLD_SQL_NOTES */;

-- Dump completed on 2017-03-13 13:12:07
